"sRNA","ATTR1","ATTR2","ATTR3","ATTR4","ATTR5","ATTR6","DCM1","DCM2","DCM3","DCM4","DCM5","DCM6"
"hsa-let-7a-2-3p",0,0,0,1,0,0,0,0,0,4,0,2
"hsa-let-7a-3p",44,27,19,46,18,42,33,16,39,58,39,41
"hsa-let-7a-5p",179474,101411,49666,76787,21167,74985,70611,84062,59871,73681,51250,69058
"hsa-let-7b-3p",48,33,16,45,21,41,30,46,19,37,18,33
"hsa-let-7b-5p",29001,18402,9610,14365,4345,14703,14012,17151,12920,17768,10806,15971
"hsa-let-7c-3p",31,29,1,21,8,38,26,26,12,21,10,6
"hsa-let-7c-5p",26126,16916,8417,14388,3398,14064,13547,19830,11685,15146,9783,12972
"hsa-let-7d-3p",1131,699,406,610,256,730,796,734,526,694,492,645
"hsa-let-7d-5p",4399,2205,1324,1571,716,1747,1598,1719,1295,1967,1171,1694
"hsa-let-7e-3p",37,51,10,36,12,39,25,25,24,44,32,40
"hsa-let-7e-5p",12189,8087,4087,7695,2056,7936,5798,6138,5221,7693,5828,6519
"hsa-let-7f-1-3p",5,7,5,6,3,1,2,3,2,4,2,9
"hsa-let-7f-2-3p",0,0,0,0,0,1,2,1,0,1,0,4
"hsa-let-7f-5p",506206,294346,223050,229697,58293,218789,260056,350815,155031,249221,145843,207208
"hsa-let-7g-3p",1,0,0,0,1,0,0,2,0,0,1,4
"hsa-let-7g-5p",155907,82445,55848,69554,21267,64523,75514,70857,44612,89760,40489,60330
"hsa-let-7i-3p",4,4,10,2,0,0,0,2,3,5,1,2
"hsa-let-7i-5p",193764,74351,75541,47532,13404,53811,58088,98571,30695,65318,33483,52497
"hsa-miR-1-3p",6721285,6967526,4581402,7525211,3129467,6013139,6247786,5740022,7567210,5909042,5268926,5740309
"hsa-miR-1-5p",6,11,7,16,14,13,15,1,5,14,5,14
"hsa-miR-100-3p",0,0,0,0,0,0,0,0,0,0,1,0
"hsa-miR-100-5p",62126,43551,24876,22159,6046,28858,24975,71627,13158,46354,15543,51401
"hsa-miR-101-3p",18130,23272,17854,19577,9050,22917,15014,32116,17446,27238,22973,28968
"hsa-miR-101-5p",0,0,0,1,0,0,0,0,0,0,0,0
"hsa-miR-10392-5p",0,0,0,0,0,0,0,0,0,0,0,1
"hsa-miR-10393-3p",0,0,0,0,4,1,0,1,0,5,1,0
"hsa-miR-10394-3p",0,0,0,0,6,0,0,0,0,0,0,1
"hsa-miR-10394-5p",0,0,1,0,7,0,0,0,0,0,0,0
"hsa-miR-10395-3p",104,71,139,136,83,126,39,175,85,218,189,193
"hsa-miR-10398-5p",0,0,0,0,0,1,0,0,0,0,0,0
"hsa-miR-10399-3p",3,8,8,11,3,2,6,7,3,3,7,3
"hsa-miR-10399-5p",1,5,6,2,2,10,9,3,9,6,9,12
"hsa-miR-103a-2-5p",0,4,0,3,0,5,8,1,3,8,3,5
"hsa-miR-103a-3p",17480,16684,10273,20232,6835,21360,15467,12049,14267,23691,13237,15760
"hsa-miR-103b",17061,16378,9959,19811,6670,20849,15063,11693,13907,23146,12917,15440
"hsa-miR-10401-3p",1,2,1,0,1,1,1,0,0,0,2,0
"hsa-miR-105-3p",0,0,0,0,0,0,0,0,0,0,0,1
"hsa-miR-105-5p",0,0,0,0,0,0,1,1,0,1,0,0
"hsa-miR-10527-5p",1,1,2,12,1,3,1,3,2,0,5,1
"hsa-miR-106a-3p",0,0,0,0,0,1,0,0,0,2,0,0
"hsa-miR-106a-5p",7,15,2,23,1,5,4,0,9,25,1,11
"hsa-miR-106b-3p",1717,2156,1399,1617,523,1491,986,1858,1065,1616,1137,1222
"hsa-miR-106b-5p",35,37,39,67,36,60,37,18,40,87,61,50
"hsa-miR-107",236,241,137,324,132,343,253,123,273,535,213,268
"hsa-miR-10a-3p",43,7,8,13,13,16,5,1,15,21,4,38
"hsa-miR-10a-5p",40721,8377,9718,6437,12177,7917,7068,1257,7422,5595,2353,15695
"hsa-miR-10b-3p",3,3,5,6,8,0,7,9,3,1,2,7
"hsa-miR-10b-5p",29789,11312,8572,4055,13806,3877,9511,27852,4454,2987,3933,15865
"hsa-miR-11400",0,8,0,0,0,1,1,0,0,0,0,2
"hsa-miR-11401",4,2,4,0,0,2,0,4,0,0,0,0
"hsa-miR-1179",0,1,1,4,0,2,0,0,4,3,0,2
"hsa-miR-1180-3p",142,79,33,90,45,101,52,77,56,96,39,85
"hsa-miR-1185-1-3p",4,5,1,3,0,6,2,0,0,5,0,4
"hsa-miR-1185-2-3p",2,2,0,5,0,1,0,0,1,2,0,3
"hsa-miR-1185-5p",2,0,0,5,0,1,1,0,0,0,2,0
"hsa-miR-1197",0,0,0,1,0,0,0,0,0,0,0,0
"hsa-miR-12117",0,0,0,0,0,0,0,0,0,0,0,1
"hsa-miR-12136",66,81,117,247,260,244,67,75,229,458,338,274
"hsa-miR-122-3p",35,38,10,23,8,20,24,10,9,28,9,22
"hsa-miR-122-5p",3303,339,1262,186,303,102,154,8642,156,51,86,19
"hsa-miR-1224-5p",0,0,0,1,0,0,1,2,0,0,0,0
"hsa-miR-1226-3p",6,5,0,1,0,7,4,0,3,6,1,8
"hsa-miR-1226-5p",2,0,0,1,0,0,1,0,0,0,0,5
"hsa-miR-1228-3p",0,1,1,0,0,0,0,0,0,1,0,1
"hsa-miR-1229-3p",0,0,0,0,0,0,0,0,0,1,2,0
"hsa-miR-122b-3p",3301,339,1262,186,303,102,154,8641,156,51,86,19
"hsa-miR-122b-5p",52,55,15,31,18,23,35,18,13,39,11,25
"hsa-miR-1234-3p",0,2,0,0,0,0,3,0,1,1,0,0
"hsa-miR-124-3p",49,44,26,43,31,37,1,1,2,3,0,1
"hsa-miR-124-5p",1,2,0,5,5,6,0,9,0,0,0,0
"hsa-miR-1243",2,0,0,1,0,0,1,0,0,1,0,0
"hsa-miR-1244",0,0,0,0,3,0,0,0,0,0,0,0
"hsa-miR-1245a",1,5,0,0,0,1,0,3,0,1,0,3
"hsa-miR-1245b-3p",6,6,1,0,0,0,1,3,1,3,0,3
"hsa-miR-1245b-5p",0,5,0,0,0,4,0,3,2,0,0,3
"hsa-miR-1246",16,36,66,73,63,86,24,118,61,195,152,163
"hsa-miR-1247-3p",0,0,0,0,0,1,0,0,0,0,0,0
"hsa-miR-1247-5p",0,0,0,1,0,0,0,0,1,0,1,0
"hsa-miR-1248",31,20,37,43,45,70,26,66,48,90,54,52
"hsa-miR-1250-5p",7,7,0,1,0,0,4,1,0,3,7,0
"hsa-miR-1252-5p",0,0,0,0,0,1,0,0,0,0,0,4
"hsa-miR-1255a",0,2,3,0,1,2,9,4,0,1,7,1
"hsa-miR-1255b-5p",1,2,1,0,0,0,0,0,0,1,0,0
"hsa-miR-1256",2,1,0,0,0,0,0,0,0,0,0,0
"hsa-miR-1257",1,0,0,0,0,0,0,0,0,0,0,0
"hsa-miR-125a-3p",38,18,13,11,12,15,24,25,8,22,15,18
"hsa-miR-125a-5p",18370,15381,3658,7510,4015,9703,12541,7860,8906,11252,4793,8213
"hsa-miR-125b-1-3p",433,127,152,118,46,133,168,354,59,201,91,180
"hsa-miR-125b-2-3p",823,756,478,974,246,999,743,962,668,1095,702,1003
"hsa-miR-125b-5p",11167,8729,3849,7884,2647,8070,7735,6803,5573,10033,5995,8569
"hsa-miR-126-3p",137658,89889,61550,59060,34585,65804,50466,62286,55324,83241,36479,76329
"hsa-miR-126-5p",744,842,384,1115,664,1114,494,308,999,1381,706,1194
"hsa-miR-1260a",0,0,0,0,0,0,0,0,0,0,0,1
"hsa-miR-1260b",5,7,14,13,1,19,4,5,6,24,13,17
"hsa-miR-1262",13,7,13,8,1,12,8,11,4,20,8,10
"hsa-miR-1263",4,5,1,0,7,0,5,0,0,4,0,0
"hsa-miR-1265",0,1,0,0,0,0,0,1,0,0,0,0
"hsa-miR-1266-5p",3,0,2,1,0,5,0,2,0,3,2,0
"hsa-miR-1268a",1,1,0,1,0,0,1,1,0,2,2,2
"hsa-miR-1269a",1,0,0,0,0,0,0,3,0,0,1,3
"hsa-miR-1269b",13,6,6,7,5,0,0,1,1,0,0,0
"hsa-miR-127-3p",3122,3281,2060,2893,1700,3897,2576,2451,1961,2618,3478,2472
"hsa-miR-127-5p",48,56,54,47,29,78,33,43,32,65,79,38
"hsa-miR-1270",1,1,4,0,0,1,1,0,0,0,0,1
"hsa-miR-1271-5p",216,194,100,244,71,241,148,83,153,317,162,206
"hsa-miR-1273c",3,0,0,0,0,2,0,4,0,1,0,0
"hsa-miR-1273h-3p",2,5,0,0,1,0,0,0,0,1,0,0
"hsa-miR-1273h-5p",0,0,0,0,1,0,0,0,0,0,0,0
"hsa-miR-1275",0,1,0,0,0,0,0,0,0,0,0,0
"hsa-miR-1276",1,1,2,0,0,0,0,0,1,0,0,1
"hsa-miR-1277-3p",0,1,0,1,0,0,0,0,3,0,0,0
"hsa-miR-1277-5p",0,0,0,4,1,4,0,1,0,1,0,6
"hsa-miR-1278",9,9,5,3,0,6,4,10,5,12,4,9
"hsa-miR-128-1-5p",7,7,12,17,7,18,13,10,7,3,11,3
"hsa-miR-128-3p",2530,1284,742,787,439,983,791,1538,602,932,442,911
"hsa-miR-1283",0,0,0,0,0,0,0,0,0,2,0,0
"hsa-miR-1284",3,1,1,1,0,1,0,0,0,3,0,1
"hsa-miR-1285-3p",7,0,0,8,1,0,2,4,2,6,2,0
"hsa-miR-1285-5p",0,0,0,4,0,1,0,0,0,0,0,0
"hsa-miR-1286",0,1,3,0,0,0,0,0,0,0,0,0
"hsa-miR-1287-3p",3,3,0,4,0,1,1,1,0,0,1,4
"hsa-miR-1287-5p",125,90,100,171,96,146,116,101,88,150,115,94
"hsa-miR-1288-3p",3,0,2,0,1,4,1,3,0,0,1,1
"hsa-miR-1289",0,1,0,0,0,0,0,0,0,0,0,0
"hsa-miR-129-1-3p",0,1,2,0,0,0,0,1,0,0,0,1
"hsa-miR-129-2-3p",5,7,5,2,1,8,0,0,2,0,2,0
"hsa-miR-129-5p",167,156,101,141,124,117,31,146,33,46,22,28
"hsa-miR-1290",0,0,0,0,0,0,0,0,0,0,0,1
"hsa-miR-1291",26,20,31,24,26,28,12,42,13,35,15,21
"hsa-miR-1292-5p",6,0,3,4,1,5,1,2,1,2,2,2
"hsa-miR-1294",1,4,0,1,0,0,1,0,0,1,0,0
"hsa-miR-1295a",3,3,1,9,1,0,7,2,2,3,0,1
"hsa-miR-1295b-3p",0,0,0,0,0,0,1,0,0,0,0,3
"hsa-miR-1295b-5p",0,0,1,0,0,0,6,0,0,0,0,0
"hsa-miR-1296-5p",16,41,15,40,16,55,27,14,21,43,43,46
"hsa-miR-1298-5p",27,5,12,23,7,7,0,0,3,0,2,0
"hsa-miR-1299",43,39,439,37,130,56,223,2523,4,67,4,417
"hsa-miR-1301-3p",216,82,52,70,33,65,104,76,67,109,26,67
"hsa-miR-1303",105,118,76,119,68,127,97,94,42,79,88,99
"hsa-miR-1304-3p",0,0,0,0,0,13,0,0,4,0,0,8
"hsa-miR-1304-5p",1,0,5,0,0,0,0,0,0,0,0,0
"hsa-miR-1305",1,0,0,0,0,1,0,0,0,0,3,0
"hsa-miR-1306-3p",2,3,4,1,1,0,0,1,0,1,0,1
"hsa-miR-1306-5p",18,17,5,14,17,21,10,11,19,31,13,16
"hsa-miR-1307-3p",2280,699,715,587,562,991,845,1147,720,951,507,733
"hsa-miR-1307-5p",8,8,20,4,6,11,9,11,3,13,4,17
"hsa-miR-130a-3p",53,23,29,29,18,46,34,56,22,68,51,50
"hsa-miR-130a-5p",0,1,3,0,0,10,6,1,0,2,3,2
"hsa-miR-130b-3p",0,6,0,2,2,3,1,1,1,8,3,2
"hsa-miR-130b-5p",290,178,72,62,23,117,129,108,50,82,77,69
"hsa-miR-132-3p",80,80,41,75,45,97,80,52,61,123,82,128
"hsa-miR-132-5p",26,29,20,22,16,28,27,33,22,36,9,44
"hsa-miR-1323",2,0,6,18,2,6,8,4,3,16,0,2
"hsa-miR-133a-3p",14409,28338,13090,39666,21852,32911,27034,8184,36083,46266,36428,29985
"hsa-miR-133a-5p",196,262,137,564,249,507,440,228,476,542,400,357
"hsa-miR-133b",549,1257,608,1596,681,1529,1135,720,1511,2396,1744,1853
"hsa-miR-134-3p",0,0,0,0,3,0,1,0,0,0,0,1
"hsa-miR-134-5p",89,62,69,47,23,60,56,65,34,49,62,55
"hsa-miR-1343-3p",20,12,4,10,4,9,16,10,14,9,4,10
"hsa-miR-135a-2-3p",34,15,16,23,0,7,5,10,10,20,7,19
"hsa-miR-135a-3p",1,0,0,1,0,1,0,1,0,3,0,0
"hsa-miR-135a-5p",179,85,57,180,6,92,55,17,98,171,62,178
"hsa-miR-135b-5p",1,4,1,1,0,1,0,0,0,0,0,2
"hsa-miR-136-3p",47,59,39,38,27,63,48,35,25,51,64,49
"hsa-miR-136-5p",12,6,2,7,8,2,5,11,5,3,10,5
"hsa-miR-137-3p",0,1,0,0,0,0,0,0,0,0,0,0
"hsa-miR-138-2-3p",0,0,0,0,0,0,0,0,3,0,0,0
"hsa-miR-138-5p",0,0,0,0,3,0,0,0,1,0,0,0
"hsa-miR-139-3p",117,117,63,49,43,66,54,68,73,98,83,89
"hsa-miR-139-5p",809,806,561,544,443,712,397,627,612,805,612,859
"hsa-miR-140-3p",4961,5445,3992,6845,1948,7195,7433,6499,6416,12763,6779,8462
"hsa-miR-140-5p",250,136,76,110,52,147,159,121,114,200,108,229
"hsa-miR-142-3p",50,69,18,32,7,28,21,38,15,15,21,48
"hsa-miR-142-5p",88,267,108,199,36,115,83,115,129,147,160,121
"hsa-miR-143-3p",640146,426146,351222,296868,132382,446569,258874,508994,316763,645962,237626,403906
"hsa-miR-143-5p",442,546,405,561,179,712,385,196,498,1183,449,436
"hsa-miR-144-3p",25,56,22,18,12,7,7,41,18,7,8,13
"hsa-miR-144-5p",48,182,73,108,7,37,18,32,79,53,78,48
"hsa-miR-145-3p",1795,1114,712,943,348,1111,1120,1020,1042,2135,599,1266
"hsa-miR-145-5p",2589,3553,1723,5215,1379,7050,3076,1444,3777,10826,3677,4065
"hsa-miR-1468-5p",33,40,20,33,3,22,38,47,19,24,20,16
"hsa-miR-146a-3p",0,0,0,0,0,0,0,0,2,0,0,0
"hsa-miR-146a-5p",1066,639,637,1150,654,2527,663,473,676,1065,341,975
"hsa-miR-146b-3p",6,19,6,15,1,68,25,55,17,16,18,23
"hsa-miR-146b-5p",1622,1198,398,1014,161,2623,612,1929,472,616,675,624
"hsa-miR-147b-3p",8,6,5,0,1,2,0,6,1,5,5,3
"hsa-miR-148a-3p",376774,244126,321394,223357,85795,189204,125220,536626,186530,154770,152034,190951
"hsa-miR-148a-5p",189,163,141,122,72,80,64,237,63,52,44,128
"hsa-miR-148b-3p",8592,9215,6856,9169,3284,9851,7625,7387,6601,10142,8089,6808
"hsa-miR-148b-5p",73,48,38,39,15,46,34,64,23,35,43,51
"hsa-miR-149-3p",0,0,0,0,0,0,0,1,0,0,0,0
"hsa-miR-149-5p",186,141,91,136,61,223,198,272,127,279,102,216
"hsa-miR-150-3p",7,1,9,1,1,5,3,6,6,6,1,5
"hsa-miR-150-5p",733,533,318,484,218,468,339,300,237,712,294,794
"hsa-miR-151a-3p",49146,32787,36212,22345,9372,25491,15677,72038,16929,22921,15951,26561
"hsa-miR-151a-5p",60,74,52,102,42,119,54,47,82,116,104,125
"hsa-miR-151b",4,6,1,0,8,5,8,4,6,7,4,2
"hsa-miR-152-3p",6977,5550,4768,6039,2889,7114,5221,6731,4539,8300,6144,5648
"hsa-miR-152-5p",48,26,19,28,11,20,40,43,28,24,25,25
"hsa-miR-153-3p",1,3,3,1,0,0,0,2,0,5,2,2
"hsa-miR-1538",1,0,0,0,0,0,0,0,0,0,0,0
"hsa-miR-154-3p",0,0,0,1,0,0,0,0,2,2,0,0
"hsa-miR-154-5p",10,2,1,5,5,6,2,0,2,6,16,6
"hsa-miR-155-5p",430,356,72,186,39,410,114,164,92,272,226,103
"hsa-miR-15a-5p",13,13,10,20,8,21,23,3,20,36,18,17
"hsa-miR-15b-3p",16,35,25,25,9,11,17,7,28,31,10,13
"hsa-miR-15b-5p",116,263,95,202,37,209,66,72,84,200,154,136
"hsa-miR-16-1-3p",1,1,0,1,1,0,0,0,1,0,0,0
"hsa-miR-16-2-3p",116,145,53,77,11,63,68,74,64,85,37,70
"hsa-miR-16-5p",533,781,409,1046,328,781,532,319,773,1369,779,859
"hsa-miR-17-3p",0,1,2,1,4,3,4,0,2,1,0,0
"hsa-miR-17-5p",96,171,70,197,59,172,77,58,150,236,160,163
"hsa-miR-181a-2-3p",2470,1415,973,1686,535,1394,1310,2162,939,1484,1297,1283
"hsa-miR-181a-3p",149,116,117,202,59,232,129,113,129,244,132,195
"hsa-miR-181a-5p",3224,2521,1762,2687,1058,2936,3228,2733,2401,3728,1715,3500
"hsa-miR-181b-2-3p",1,1,0,5,0,1,0,0,7,8,1,2
"hsa-miR-181b-3p",0,2,3,8,4,5,6,7,7,11,2,7
"hsa-miR-181b-5p",866,448,410,622,262,712,735,563,490,827,424,855
"hsa-miR-181c-3p",16,12,8,48,19,35,35,21,50,52,45,29
"hsa-miR-181c-5p",13,3,7,2,0,8,8,6,5,5,4,3
"hsa-miR-181d-3p",0,0,2,0,0,0,0,0,0,1,0,0
"hsa-miR-181d-5p",234,160,164,204,106,227,325,287,184,264,138,300
"hsa-miR-182-3p",2,1,0,1,0,1,0,0,0,4,0,0
"hsa-miR-182-5p",3878,4239,2195,4831,2593,2642,484,1572,834,682,706,381
"hsa-miR-183-3p",0,0,0,1,1,0,0,0,0,0,0,0
"hsa-miR-183-5p",2797,2742,1532,2895,2114,2008,227,616,338,336,274,207
"hsa-miR-184",94,21,34,47,6,32,23,99,15,36,35,27
"hsa-miR-1843",112,49,24,21,16,63,54,73,16,48,7,29
"hsa-miR-185-3p",181,164,158,221,89,249,131,150,121,185,167,150
"hsa-miR-185-5p",2198,1478,1131,1565,751,1377,1236,1165,1016,1629,885,1336
"hsa-miR-186-3p",0,0,0,0,0,0,2,0,0,0,0,0
"hsa-miR-186-5p",820,840,430,1427,468,1349,975,488,943,1413,1161,1334
"hsa-miR-187-3p",3,2,0,8,1,1,11,28,7,11,3,1
"hsa-miR-187-5p",0,0,0,0,0,0,0,1,0,0,0,0
"hsa-miR-188-5p",0,4,0,0,0,0,0,1,3,2,0,1
"hsa-miR-18a-3p",2,7,1,0,1,0,0,3,0,5,0,7
"hsa-miR-18a-5p",2,2,5,1,1,3,0,0,1,1,2,1
"hsa-miR-18b-5p",0,1,0,0,0,0,0,0,0,0,0,0
"hsa-miR-1908-5p",0,1,0,0,0,0,6,0,3,0,1,4
"hsa-miR-1909-3p",0,0,0,0,1,0,0,0,0,0,0,0
"hsa-miR-190a-5p",37,47,23,99,24,115,46,20,106,66,117,106
"hsa-miR-190b-5p",14,12,1,6,3,8,4,6,0,3,1,0
"hsa-miR-191-3p",3,2,0,6,5,1,6,2,5,1,0,1
"hsa-miR-191-5p",4387,3334,2106,4022,1103,4411,3731,2344,2626,4949,2821,3328
"hsa-miR-1910-5p",0,1,0,0,0,1,0,0,1,0,2,0
"hsa-miR-1913",0,0,0,0,0,2,0,2,0,0,0,0
"hsa-miR-1914-3p",0,0,0,1,0,0,0,0,0,0,0,0
"hsa-miR-1914-5p",2,4,0,1,1,0,0,0,0,0,0,2
"hsa-miR-192-5p",1056,835,596,608,438,613,517,2456,541,765,518,857
"hsa-miR-193a-5p",227,180,111,145,55,138,66,98,113,154,125,122
"hsa-miR-193b-3p",24,25,19,48,20,35,28,33,25,50,55,78
"hsa-miR-193b-5p",36,46,11,31,6,45,20,31,24,31,37,34
"hsa-miR-194-3p",1,2,0,1,4,1,0,8,1,6,3,0
"hsa-miR-194-5p",58,61,41,39,24,46,34,91,35,78,45,54
"hsa-miR-195-3p",1047,382,316,289,98,304,427,1395,213,497,196,507
"hsa-miR-195-5p",314,255,199,418,147,463,345,381,275,820,365,659
"hsa-miR-196a-1-3p",0,0,0,0,0,0,0,0,0,0,1,0
"hsa-miR-196a-5p",3,3,4,4,2,2,0,2,1,1,1,1
"hsa-miR-196b-5p",12,9,7,5,9,5,0,0,1,0,0,5
"hsa-miR-197-3p",1289,1404,588,945,556,1429,968,818,892,1629,938,1403
"hsa-miR-197-5p",1,0,0,0,0,0,2,0,1,0,0,0
"hsa-miR-1972",0,0,1,0,0,0,0,1,0,0,0,0
"hsa-miR-1973",0,0,0,0,3,0,0,0,0,3,0,0
"hsa-miR-199a-3p",11052,9086,5007,12070,3165,12115,10470,6863,8790,16475,10399,16799
"hsa-miR-199a-5p",2363,2032,931,1693,441,1725,1522,1916,1226,2692,1798,2309
"hsa-miR-199b-5p",5971,6178,3377,10122,1673,8488,5461,4647,5535,9816,7863,8203
"hsa-miR-19a-3p",7,2,6,9,2,3,4,4,0,0,4,1
"hsa-miR-19b-1-5p",0,0,0,0,0,0,0,1,0,0,3,1
"hsa-miR-19b-3p",37,41,24,31,23,24,38,10,17,36,27,38
"hsa-miR-200a-3p",4,3,0,9,4,4,6,22,3,4,12,8
"hsa-miR-200a-5p",2,3,0,0,0,3,6,2,1,0,0,1
"hsa-miR-200b-3p",46,21,11,17,4,21,37,54,43,50,22,48
"hsa-miR-200c-3p",17,4,7,11,2,13,23,43,39,46,24,25
"hsa-miR-202-5p",2,1,0,0,0,0,0,0,1,1,2,1
"hsa-miR-203a-3p",35,39,22,26,11,28,27,23,17,13,28,21
"hsa-miR-203a-5p",0,0,0,1,0,2,2,1,0,0,3,0
"hsa-miR-203b-3p",0,0,0,1,0,2,2,2,0,0,3,1
"hsa-miR-203b-5p",35,39,22,26,11,28,27,23,17,13,28,21
"hsa-miR-204-3p",1,0,1,0,0,0,1,0,0,2,0,1
"hsa-miR-204-5p",185,75,63,72,43,96,36,133,22,127,23,168
"hsa-miR-205-5p",0,0,0,0,0,0,8,16,15,16,12,28
"hsa-miR-206",1,0,0,0,2,2,3,4,0,0,1,0
"hsa-miR-208a-3p",42,15,31,17,17,12,21,29,9,44,16,22
"hsa-miR-208a-5p",3,3,5,5,2,3,7,1,6,5,4,0
"hsa-miR-208b-3p",738,704,341,618,385,513,405,467,317,561,392,531
"hsa-miR-208b-5p",0,3,1,4,2,1,0,0,3,1,0,3
"hsa-miR-20a-3p",0,0,0,0,0,2,0,0,0,0,0,0
"hsa-miR-20a-5p",294,553,272,915,193,686,491,173,571,833,598,598
"hsa-miR-20b-5p",9,25,13,12,1,3,11,6,14,24,7,11
"hsa-miR-21-3p",11,10,17,11,4,35,3,6,4,14,13,20
"hsa-miR-21-5p",44524,30329,22846,42158,9656,84413,33537,22295,21684,58704,55340,31869
"hsa-miR-210-3p",39,19,29,25,40,88,29,21,23,73,48,46
"hsa-miR-210-5p",5,15,9,8,10,10,8,9,3,6,11,14
"hsa-miR-2110",172,67,42,37,22,72,50,71,37,86,38,66
"hsa-miR-2113",3,1,1,0,0,0,0,0,0,0,0,1
"hsa-miR-2115-3p",0,2,0,0,0,0,1,0,0,0,0,0
"hsa-miR-2116-3p",2,4,0,2,1,0,7,3,0,2,0,1
"hsa-miR-2116-5p",0,0,0,3,0,0,0,0,0,0,0,0
"hsa-miR-212-3p",5,7,1,16,5,5,12,0,8,7,5,10
"hsa-miR-212-5p",44,57,19,32,10,40,56,46,26,18,14,29
"hsa-miR-214-3p",122,124,85,101,49,126,68,84,81,200,113,181
"hsa-miR-214-5p",90,48,32,36,11,43,34,105,23,44,32,80
"hsa-miR-215-3p",0,0,0,0,0,0,0,0,0,2,0,0
"hsa-miR-215-5p",96,51,58,42,30,31,32,24,21,46,16,32
"hsa-miR-216a-3p",2,4,3,0,0,2,0,13,1,3,0,17
"hsa-miR-216a-5p",1,0,0,0,0,0,0,1,0,4,0,7
"hsa-miR-216b-5p",7,0,1,2,0,0,0,1,1,4,0,1
"hsa-miR-217-3p",0,0,0,0,0,0,0,0,0,0,0,1
"hsa-miR-217-5p",9,8,5,7,0,11,21,21,4,18,15,160
"hsa-miR-218-5p",940,1059,1324,923,332,1048,860,1601,613,1870,680,1318
"hsa-miR-219a-1-3p",3,2,3,1,0,1,2,9,0,2,0,3
"hsa-miR-219a-2-3p",5,1,3,4,2,1,0,0,0,0,2,4
"hsa-miR-219a-5p",0,3,0,0,1,0,0,0,0,2,0,1
"hsa-miR-219b-5p",5,1,3,4,2,1,0,0,0,0,2,4
"hsa-miR-22-3p",5580,3859,2356,3263,2420,3116,2915,3746,2316,3666,2096,3174
"hsa-miR-22-5p",740,362,288,340,270,267,289,369,195,425,209,426
"hsa-miR-221-3p",3970,1787,1212,2370,5136,2891,1914,347,2816,1134,1683,2243
"hsa-miR-221-5p",636,332,337,1138,858,828,491,85,677,404,665,674
"hsa-miR-222-3p",5541,1211,981,1696,2275,1752,1446,525,1708,733,887,1364
"hsa-miR-222-5p",1,0,2,3,0,1,0,0,1,0,0,1
"hsa-miR-223-3p",23,79,40,112,20,93,42,30,53,50,35,57
"hsa-miR-223-5p",18,23,20,21,9,26,20,16,4,7,8,21
"hsa-miR-224-3p",9,9,3,8,3,15,3,0,1,13,5,6
"hsa-miR-224-5p",1989,752,409,1603,216,1288,1111,790,326,1359,305,523
"hsa-miR-2276-3p",1,0,0,0,0,0,0,0,0,0,0,0
"hsa-miR-2277-5p",3,3,6,15,4,8,4,5,3,16,5,2
"hsa-miR-2278",0,0,1,0,0,0,0,0,0,0,3,1
"hsa-miR-2355-3p",7,3,1,5,0,9,5,1,3,7,1,4
"hsa-miR-2355-5p",0,0,1,0,0,0,0,0,0,2,0,0
"hsa-miR-23a-3p",17382,13525,9431,16011,4159,13959,12199,10140,7342,19874,9049,14893
"hsa-miR-23a-5p",23,5,0,9,3,25,4,9,7,8,7,8
"hsa-miR-23b-3p",22090,19848,14588,22720,5574,15763,18093,15167,11039,23375,14407,17380
"hsa-miR-23b-5p",285,92,44,42,22,95,81,132,70,114,51,60
"hsa-miR-23c",3,2,4,0,4,4,4,3,2,3,2,0
"hsa-miR-24-1-5p",297,126,172,99,52,94,89,185,63,109,67,86
"hsa-miR-24-2-5p",535,226,200,151,80,200,147,279,84,179,47,167
"hsa-miR-24-3p",18262,12246,9682,10533,4388,12607,9251,10034,7797,17365,8867,13940
"hsa-miR-2467-5p",1,0,0,0,0,0,0,0,0,0,0,0
"hsa-miR-25-3p",7586,8536,4936,4844,1265,4387,3610,3916,3331,4820,3563,3600
"hsa-miR-25-5p",3,1,5,2,1,2,3,2,2,5,0,2
"hsa-miR-2681-3p",0,0,0,0,0,0,0,0,0,0,0,2
"hsa-miR-2681-5p",0,0,0,0,0,0,0,0,0,0,0,2
"hsa-miR-2682-3p",0,0,0,0,0,1,0,0,0,0,0,0
"hsa-miR-2682-5p",1,0,0,0,0,1,0,0,0,0,0,0
"hsa-miR-26a-1-3p",1,0,1,0,1,1,2,1,1,1,4,2
"hsa-miR-26a-2-3p",9,14,6,16,11,15,14,0,21,34,13,23
"hsa-miR-26a-5p",150393,131471,74985,119183,41266,112026,97653,93900,90157,140163,92351,137068
"hsa-miR-26b-3p",0,4,3,15,6,9,2,3,12,10,9,19
"hsa-miR-26b-5p",9314,12267,7211,14910,4827,16576,9337,6638,11492,17369,13237,16310
"hsa-miR-27a-3p",5516,3755,3276,2832,1732,3998,2604,4026,2578,5525,2788,5271
"hsa-miR-27a-5p",291,135,171,59,17,94,50,188,59,81,55,64
"hsa-miR-27b-3p",173729,181468,151397,274912,86744,271455,188585,130762,186938,362143,244210,247190
"hsa-miR-27b-5p",1154,782,560,891,195,645,743,712,538,956,577,605
"hsa-miR-28-3p",7976,9153,4336,8989,2264,10032,8133,9738,5909,9659,7297,7587
"hsa-miR-28-5p",191,116,90,153,65,145,98,125,102,178,69,124
"hsa-miR-296-3p",41,29,12,17,7,24,24,22,7,23,11,13
"hsa-miR-299-3p",5,12,8,4,7,10,8,2,7,2,6,4
"hsa-miR-299-5p",1,4,3,0,0,3,0,0,0,1,2,4
"hsa-miR-29a-3p",2461,2301,1041,2225,802,2348,2035,2367,1735,3147,2021,2403
"hsa-miR-29a-5p",2,0,1,9,0,1,5,1,0,3,4,3
"hsa-miR-29b-1-5p",2,9,8,3,0,5,1,4,3,1,2,0
"hsa-miR-29b-2-5p",50,47,16,46,29,40,38,19,39,61,56,47
"hsa-miR-29b-3p",408,293,237,542,161,557,291,265,286,567,432,503
"hsa-miR-29c-3p",59,62,51,122,90,107,71,53,83,164,103,130
"hsa-miR-29c-5p",441,371,377,480,353,525,255,504,355,393,362,586
"hsa-miR-301a-3p",6,0,1,0,1,1,0,3,7,3,0,0
"hsa-miR-301a-5p",15,10,16,8,6,14,9,21,6,18,6,11
"hsa-miR-301b-3p",0,0,0,0,0,0,0,0,0,0,0,2
"hsa-miR-302a-3p",45,50,32,22,36,21,28,15,48,25,26,58
"hsa-miR-302a-5p",527,566,385,322,233,338,389,187,350,452,192,366
"hsa-miR-302b-3p",160,171,122,85,100,134,94,65,119,108,69,152
"hsa-miR-302b-5p",0,0,0,0,0,0,0,0,0,1,0,0
"hsa-miR-302c-3p",15,17,25,23,16,15,10,4,13,18,10,23
"hsa-miR-302c-5p",2,0,1,0,0,3,3,0,3,3,0,1
"hsa-miR-302d-3p",19,39,19,45,41,27,30,6,45,41,37,50
"hsa-miR-3059-5p",0,0,0,0,0,0,0,0,0,0,0,1
"hsa-miR-3064-3p",1,0,0,1,0,0,0,0,0,0,0,0
"hsa-miR-3064-5p",8,2,7,4,0,3,3,2,1,5,0,1
"hsa-miR-3065-3p",26,104,3,19,15,8,17,23,19,24,28,27
"hsa-miR-3065-5p",1,24,5,6,4,6,10,10,7,7,5,9
"hsa-miR-3074-3p",278,114,149,86,43,76,76,177,55,86,43,77
"hsa-miR-3074-5p",18225,12219,9648,10487,4373,12573,9228,10025,7770,17312,8810,13910
"hsa-miR-30a-3p",17213,13307,8499,11089,5235,13077,11085,18772,9905,12847,7356,9789
"hsa-miR-30a-5p",89748,92674,75453,124599,41655,132028,84494,74687,91082,136003,127883,98655
"hsa-miR-30b-3p",109,55,21,50,17,68,50,55,37,54,39,53
"hsa-miR-30b-5p",6592,16955,8085,22704,7581,29613,14681,7877,20124,26690,24417,22652
"hsa-miR-30c-1-3p",154,114,78,113,59,110,120,133,88,154,105,147
"hsa-miR-30c-2-3p",1869,1264,1096,1571,611,1486,1097,1518,1199,1592,1025,1199
"hsa-miR-30c-5p",32503,30302,12588,33496,12301,34896,32757,14444,28591,34248,24662,25695
"hsa-miR-30d-3p",164,128,104,150,87,159,122,120,102,146,126,129
"hsa-miR-30d-5p",214334,154982,85253,142217,63839,168866,131402,108354,109711,140261,103871,124801
"hsa-miR-30e-3p",23671,22972,13465,15985,8004,18456,15248,30837,14842,15940,11568,14587
"hsa-miR-30e-5p",5904,5542,3707,5661,2950,6061,5123,3514,4210,6231,5957,5343
"hsa-miR-31-5p",1,0,1,3,1,0,0,1,0,1,0,1
"hsa-miR-3116",10,3,3,14,1,14,13,3,8,13,21,14
"hsa-miR-3117-3p",2,0,1,3,0,1,14,10,0,1,1,10
"hsa-miR-3118",0,0,0,0,0,2,0,1,0,0,0,0
"hsa-miR-3119",0,0,0,2,0,0,0,0,0,0,0,0
"hsa-miR-3120-3p",90,48,32,36,11,43,34,105,23,44,32,80
"hsa-miR-3120-5p",32,32,28,19,6,24,20,28,16,35,23,41
"hsa-miR-3121-3p",0,0,0,0,0,0,4,0,0,0,0,0
"hsa-miR-3124-5p",6,5,2,0,0,9,5,7,3,10,5,2
"hsa-miR-3125",4,0,0,0,0,0,7,0,1,1,6,1
"hsa-miR-3127-3p",5,0,0,1,0,0,1,1,1,1,0,0
"hsa-miR-3127-5p",5,7,6,1,0,11,2,5,0,13,3,3
"hsa-miR-3128",0,5,1,6,0,1,0,0,0,0,1,6
"hsa-miR-3129-3p",0,0,3,0,0,0,3,0,1,0,0,0
"hsa-miR-3130-3p",0,0,0,1,0,1,0,0,0,0,0,1
"hsa-miR-3130-5p",0,0,0,1,1,1,0,0,0,0,0,1
"hsa-miR-3131",0,0,0,0,0,0,1,0,0,0,0,0
"hsa-miR-3132",7,3,2,1,2,3,4,1,1,8,3,4
"hsa-miR-3133",2,2,1,3,0,10,4,5,1,2,1,4
"hsa-miR-3134",2,0,0,0,0,0,0,0,0,0,0,0
"hsa-miR-3135a",0,0,0,0,0,0,1,0,0,0,0,0
"hsa-miR-3138",0,0,0,0,0,0,1,0,0,0,0,0
"hsa-miR-3140-3p",0,0,1,0,0,0,0,0,0,0,0,0
"hsa-miR-3143",0,0,0,0,0,1,0,0,1,2,0,0
"hsa-miR-3144-3p",0,0,0,0,1,1,0,2,0,1,0,0
"hsa-miR-3145-3p",2,0,0,2,0,0,11,1,0,4,1,4
"hsa-miR-3145-5p",2,2,0,1,1,4,1,0,0,7,0,2
"hsa-miR-3146",1,0,0,2,2,0,3,0,1,0,2,0
"hsa-miR-3148",1,0,1,3,0,1,2,0,2,0,0,0
"hsa-miR-3149",8,1,1,5,0,1,0,3,2,2,1,0
"hsa-miR-3150a-5p",2,0,0,0,0,1,0,0,0,0,1,1
"hsa-miR-3150b-3p",4,0,0,0,0,1,0,0,0,0,1,1
"hsa-miR-3152-5p",0,0,3,0,0,0,0,2,0,2,0,0
"hsa-miR-3154",1,0,0,0,0,0,0,0,0,0,0,0
"hsa-miR-3155b",0,1,1,0,2,0,0,0,0,0,0,0
"hsa-miR-3157-3p",5,1,6,2,1,1,1,1,0,7,2,0
"hsa-miR-3157-5p",1,0,0,0,0,0,0,1,0,0,0,3
"hsa-miR-3158-3p",44,94,61,60,28,56,31,134,32,52,49,42
"hsa-miR-3158-5p",44,94,60,60,28,56,31,134,32,52,49,42
"hsa-miR-3159",0,0,0,0,0,0,0,0,0,1,0,0
"hsa-miR-3163",0,2,0,0,2,0,0,0,0,0,0,0
"hsa-miR-3164",8,7,2,1,1,2,4,6,3,3,2,2
"hsa-miR-3166",4,0,0,0,0,0,0,0,0,0,0,0
"hsa-miR-3167",3,0,1,0,0,3,0,1,0,0,0,1
"hsa-miR-3170",1,0,0,0,0,1,1,0,0,0,0,0
"hsa-miR-3173-5p",8,11,2,0,0,2,5,1,7,4,5,5
"hsa-miR-3174",0,1,2,1,1,0,0,0,0,0,0,0
"hsa-miR-3175",0,0,2,0,0,0,0,0,0,0,0,0
"hsa-miR-3176",0,0,0,1,0,0,0,2,0,0,0,0
"hsa-miR-3177-3p",14,12,5,5,4,4,9,9,2,11,1,9
"hsa-miR-3179",3,0,0,1,0,0,0,0,0,0,0,0
"hsa-miR-3180",2,0,1,0,0,1,0,0,0,2,0,0
"hsa-miR-3180-3p",2,0,1,0,0,1,0,0,0,2,0,0
"hsa-miR-3180-5p",1,3,0,3,0,3,0,3,0,2,0,1
"hsa-miR-3183",0,0,0,0,0,0,0,0,0,1,1,0
"hsa-miR-3184-3p",7103,2930,1629,2371,843,2935,2170,2688,1481,2905,1784,2614
"hsa-miR-3184-5p",4228,2594,1385,2312,1209,2985,2558,2623,1873,3027,1768,2229
"hsa-miR-3187-3p",1,0,2,0,0,0,0,0,0,0,0,0
"hsa-miR-3187-5p",0,0,0,0,0,0,0,0,0,1,0,0
"hsa-miR-3190-3p",9,4,10,2,0,3,1,0,1,0,4,1
"hsa-miR-3190-5p",3,1,5,0,0,0,0,0,1,0,0,3
"hsa-miR-3191-3p",3,2,5,1,0,0,1,0,1,0,0,3
"hsa-miR-3191-5p",9,4,10,2,0,3,1,0,1,0,4,1
"hsa-miR-3192-3p",0,0,0,0,0,0,0,0,0,0,0,1
"hsa-miR-3192-5p",6,3,0,0,0,0,0,1,2,3,0,0
"hsa-miR-3193",0,0,0,2,0,0,0,0,0,0,0,0
"hsa-miR-3194-3p",0,0,0,0,0,0,0,2,0,0,0,0
"hsa-miR-3199",4,3,1,0,0,5,4,6,2,2,7,18
"hsa-miR-32-3p",19,11,13,25,10,14,11,7,5,8,17,14
"hsa-miR-32-5p",56,61,58,55,55,62,52,70,57,52,41,100
"hsa-miR-3200-3p",4,5,7,9,6,12,1,1,8,26,8,9
"hsa-miR-3200-5p",0,0,1,0,0,0,0,0,0,0,0,0
"hsa-miR-3202",0,0,0,3,0,0,0,0,1,0,0,0
"hsa-miR-320a-3p",2627,938,655,845,337,1337,937,794,536,1239,539,859
"hsa-miR-320a-5p",0,0,0,0,0,0,0,0,0,1,0,3
"hsa-miR-320b",84,36,28,32,11,43,49,59,24,47,26,48
"hsa-miR-320c",17,10,10,9,4,11,3,20,1,17,8,14
"hsa-miR-320d",14,15,9,4,1,9,5,14,1,8,6,3
"hsa-miR-323a-3p",14,24,2,14,14,19,11,7,10,9,12,5
"hsa-miR-323b-3p",3,8,4,8,2,5,5,4,3,3,9,1
"hsa-miR-324-3p",0,0,1,1,0,0,0,0,0,0,0,3
"hsa-miR-324-5p",9,2,4,8,7,11,6,2,8,10,8,14
"hsa-miR-326",1,3,0,1,0,0,0,1,0,1,1,0
"hsa-miR-328-3p",916,576,343,482,434,1004,575,782,551,1004,484,751
"hsa-miR-329-3p",10,4,9,14,2,2,4,7,7,4,11,9
"hsa-miR-329-5p",3,0,1,0,0,0,0,4,0,0,0,0
"hsa-miR-330-3p",35,20,19,14,15,25,9,16,17,44,13,33
"hsa-miR-330-5p",23,4,15,13,8,12,6,9,3,16,8,24
"hsa-miR-331-3p",6,4,8,18,8,30,6,11,18,47,25,31
"hsa-miR-331-5p",88,51,53,51,18,58,45,48,35,59,29,42
"hsa-miR-335-3p",280,771,80,193,45,173,97,125,124,139,138,110
"hsa-miR-335-5p",13,20,8,15,6,13,8,13,14,10,26,15
"hsa-miR-337-3p",8,11,9,8,12,18,10,6,5,11,6,5
"hsa-miR-337-5p",0,0,0,3,0,0,3,3,2,1,1,1
"hsa-miR-338-3p",1,24,5,6,4,6,10,10,7,7,5,9
"hsa-miR-338-5p",25,104,3,19,15,8,17,23,19,24,28,27
"hsa-miR-339-3p",130,65,55,122,47,152,68,98,77,106,94,121
"hsa-miR-339-5p",37,18,14,19,7,46,21,13,19,37,36,24
"hsa-miR-33a-3p",4,0,2,8,1,4,0,0,0,5,6,1
"hsa-miR-33a-5p",0,0,0,0,1,0,0,2,1,0,0,2
"hsa-miR-340-3p",384,371,198,210,107,364,193,324,184,199,182,290
"hsa-miR-340-5p",666,588,427,744,289,862,494,434,586,886,742,873
"hsa-miR-342-3p",263,184,160,262,204,480,202,150,254,457,231,397
"hsa-miR-342-5p",15,11,6,10,6,11,5,18,4,9,8,13
"hsa-miR-345-5p",43,21,14,28,8,26,17,32,27,30,17,44
"hsa-miR-346",12,1,1,3,1,3,9,2,1,2,0,5
"hsa-miR-34a-5p",123,183,84,165,123,258,105,85,169,197,231,115
"hsa-miR-34b-3p",0,1,1,0,0,0,0,0,0,0,0,2
"hsa-miR-34c-3p",0,0,0,0,0,0,1,0,0,0,0,1
"hsa-miR-34c-5p",17,42,11,23,27,47,11,11,17,43,5,42
"hsa-miR-3529-3p",4006,3020,2200,3136,1627,2458,1372,1880,1520,1386,1194,1384
"hsa-miR-3529-5p",0,0,0,0,0,3,0,1,0,5,0,2
"hsa-miR-3605-3p",73,37,21,22,6,37,23,57,15,34,13,25
"hsa-miR-3605-5p",19,9,9,5,1,11,9,9,3,8,3,5
"hsa-miR-3609",7,2,4,3,2,4,6,9,4,10,3,2
"hsa-miR-361-3p",2182,1852,1178,2026,670,2507,1915,1485,1719,2278,1722,1637
"hsa-miR-361-5p",460,500,285,864,137,670,608,376,488,914,520,695
"hsa-miR-3611",0,0,0,0,0,0,2,1,0,0,0,0
"hsa-miR-3614-3p",0,0,0,0,0,0,0,0,0,0,0,3
"hsa-miR-3614-5p",11,6,2,1,3,4,12,9,10,1,2,5
"hsa-miR-3615",235,137,226,96,49,236,88,150,66,126,68,131
"hsa-miR-3617-5p",0,0,0,2,0,1,0,0,0,0,0,0
"hsa-miR-362-3p",0,0,0,0,0,1,0,0,0,0,0,0
"hsa-miR-362-5p",41,36,30,61,29,100,46,30,61,83,62,76
"hsa-miR-3620-5p",2,2,2,0,0,3,0,0,3,0,0,0
"hsa-miR-3622a-3p",0,0,0,0,0,0,3,0,0,0,0,0
"hsa-miR-3622a-5p",0,0,0,0,0,1,0,0,0,0,1,0
"hsa-miR-3622b-3p",0,0,0,0,0,1,0,0,0,0,1,0
"hsa-miR-3622b-5p",0,0,0,0,0,0,3,0,0,0,0,0
"hsa-miR-363-3p",317,735,337,238,55,128,202,297,202,284,119,214
"hsa-miR-363-5p",0,1,0,0,0,0,1,0,0,0,0,0
"hsa-miR-3651",1,0,5,2,2,0,1,0,0,4,4,1
"hsa-miR-365a-3p",507,515,221,625,184,386,344,130,342,626,443,480
"hsa-miR-365a-5p",65,63,27,46,15,67,48,29,52,42,76,38
"hsa-miR-365b-5p",19,12,3,4,3,6,2,10,8,3,6,11
"hsa-miR-3661",1,0,0,0,0,0,0,1,0,0,0,0
"hsa-miR-3662",1,1,0,2,0,1,0,0,0,0,0,0
"hsa-miR-367-3p",1,0,0,0,0,0,0,0,0,0,0,0
"hsa-miR-3674",0,0,0,0,1,0,0,0,0,0,0,0
"hsa-miR-3677-3p",0,0,0,0,0,3,0,0,0,0,2,0
"hsa-miR-3678-3p",0,0,3,1,0,0,0,0,0,0,2,2
"hsa-miR-3679-3p",1,1,0,2,0,0,0,0,1,0,0,0
"hsa-miR-3679-5p",3,1,3,0,0,9,4,0,0,4,4,5
"hsa-miR-3681-3p",0,0,0,0,0,0,0,1,0,0,2,0
"hsa-miR-3681-5p",0,0,0,0,0,1,0,0,0,0,0,0
"hsa-miR-3686",0,0,0,0,0,0,0,1,0,0,0,0
"hsa-miR-3688-3p",1,13,3,10,2,5,8,8,2,3,10,6
"hsa-miR-3688-5p",1,12,3,10,2,5,6,8,2,3,10,6
"hsa-miR-369-3p",21,12,1,16,4,27,8,1,2,12,18,19
"hsa-miR-369-5p",21,9,3,6,2,2,6,6,2,7,0,4
"hsa-miR-3690",4,2,2,0,1,2,0,3,0,1,0,3
"hsa-miR-3691-5p",5,0,0,4,0,0,1,1,0,3,2,0
"hsa-miR-3692-3p",0,0,0,0,0,0,0,0,0,3,0,0
"hsa-miR-370-3p",353,139,143,96,65,134,63,157,87,120,72,92
"hsa-miR-370-5p",3,6,2,1,4,2,2,1,3,7,1,0
"hsa-miR-371a-3p",0,0,9,0,0,1,4,4,1,2,0,3
"hsa-miR-371a-5p",3,0,2,25,1,19,2,13,10,15,0,16
"hsa-miR-371b-3p",3,0,2,25,1,19,2,13,10,15,0,16
"hsa-miR-371b-5p",0,0,9,0,0,1,4,4,1,2,0,3
"hsa-miR-372-3p",45,5,63,48,50,56,38,181,59,84,5,113
"hsa-miR-373-3p",0,0,1,1,0,1,0,0,0,2,0,0
"hsa-miR-373-5p",0,0,0,0,0,0,1,0,0,0,0,0
"hsa-miR-374a-3p",453,414,430,913,279,1186,832,593,821,1252,1141,1001
"hsa-miR-374a-5p",124,165,101,149,72,136,159,126,130,210,202,174
"hsa-miR-374b-3p",49,76,37,81,18,98,73,34,83,126,65,116
"hsa-miR-374b-5p",1289,1515,814,1306,747,1308,1621,791,1129,2110,1054,1693
"hsa-miR-374c-3p",1283,1513,814,1304,743,1301,1611,781,1120,2102,1049,1683
"hsa-miR-374c-5p",2,1,0,3,1,2,9,1,2,6,0,6
"hsa-miR-375-3p",5,6,4,7,5,8,64,97,82,100,47,109
"hsa-miR-376a-3p",0,2,2,0,0,6,0,0,0,2,5,0
"hsa-miR-376a-5p",0,0,1,0,0,0,0,0,0,0,1,1
"hsa-miR-376b-3p",0,0,2,0,0,0,0,0,0,0,0,0
"hsa-miR-376b-5p",0,0,2,0,0,0,0,0,1,0,0,0
"hsa-miR-376c-3p",2,2,2,4,3,0,1,3,0,2,4,7
"hsa-miR-376c-5p",0,0,3,0,0,0,0,0,1,1,0,0
"hsa-miR-377-3p",0,0,1,0,0,1,0,1,0,0,1,0
"hsa-miR-377-5p",0,0,0,1,1,2,4,0,1,0,3,1
"hsa-miR-378a-3p",244499,202972,208003,283048,165985,268425,147699,318956,245715,265906,234725,288241
"hsa-miR-378a-5p",109,95,99,296,148,231,153,72,177,334,259,252
"hsa-miR-378b",0,1,0,0,1,0,0,0,0,0,0,0
"hsa-miR-378c",3174,6605,5607,9570,4936,9235,4088,6329,7668,9653,12308,8412
"hsa-miR-378d",887,2011,1794,2064,1346,2321,1068,2804,1923,2778,2919,2688
"hsa-miR-378e",0,0,1,0,0,0,0,1,1,3,0,3
"hsa-miR-378f",1,0,3,1,2,1,1,3,0,3,2,3
"hsa-miR-378g",19,7,17,19,9,12,13,20,12,26,18,16
"hsa-miR-378i",11,26,14,29,22,33,2,3,4,9,4,8
"hsa-miR-379-3p",1,8,3,3,0,7,4,2,1,15,5,3
"hsa-miR-379-5p",1063,743,749,453,303,602,423,1034,433,550,683,604
"hsa-miR-380-5p",4,0,3,1,0,0,5,0,4,1,2,1
"hsa-miR-381-3p",2717,1679,2025,970,763,1098,1087,2503,714,877,1035,2314
"hsa-miR-382-3p",37,52,44,52,40,83,55,31,20,44,59,44
"hsa-miR-382-5p",112,47,30,14,13,33,38,35,12,34,23,24
"hsa-miR-3909",161,76,46,47,24,71,47,90,30,44,19,43
"hsa-miR-3911",0,0,0,0,1,0,0,0,0,0,0,0
"hsa-miR-3912-3p",5,1,0,1,2,1,2,1,4,0,1,0
"hsa-miR-3913-3p",16,16,23,11,0,14,19,18,7,10,8,8
"hsa-miR-3913-5p",16,16,23,11,0,14,19,18,7,10,8,8
"hsa-miR-3914",14,0,5,4,1,3,4,3,6,3,1,3
"hsa-miR-3915",0,0,0,1,0,1,0,0,0,0,0,3
"hsa-miR-3916",0,0,0,0,1,0,0,0,0,0,0,0
"hsa-miR-3917",4,3,0,0,0,0,0,4,0,0,1,0
"hsa-miR-3918",0,0,0,0,0,0,0,0,2,1,0,0
"hsa-miR-3919",0,1,0,0,0,0,0,0,0,1,0,0
"hsa-miR-3920",1,0,1,1,0,0,0,0,0,0,0,0
"hsa-miR-3924",0,0,0,0,0,0,0,3,0,0,0,0
"hsa-miR-3928-3p",7,2,2,2,4,4,0,2,2,2,5,1
"hsa-miR-3929",0,0,0,0,0,0,0,1,0,0,0,0
"hsa-miR-3934-5p",8,1,5,4,0,6,3,6,1,5,10,10
"hsa-miR-3936",0,0,0,3,0,0,0,0,0,1,0,0
"hsa-miR-3939",0,0,0,2,0,0,0,0,0,2,0,0
"hsa-miR-3940-3p",0,0,0,1,0,6,0,0,0,2,5,0
"hsa-miR-3941",0,1,0,0,0,0,0,0,0,0,0,0
"hsa-miR-3942-5p",0,1,2,1,0,0,0,0,0,0,2,1
"hsa-miR-409-3p",689,314,248,202,110,311,143,294,120,206,189,134
"hsa-miR-409-5p",47,34,9,26,8,50,17,8,23,43,37,8
"hsa-miR-410-3p",3,2,0,0,1,6,3,2,0,3,4,3
"hsa-miR-410-5p",0,0,0,0,1,0,0,0,0,0,0,0
"hsa-miR-411-3p",5,10,1,3,0,2,1,5,3,4,0,1
"hsa-miR-411-5p",155,94,80,70,52,48,58,72,63,112,92,116
"hsa-miR-412-5p",1,4,2,2,1,1,0,4,3,2,4,5
"hsa-miR-421",78,55,23,84,28,94,66,35,76,111,42,85
"hsa-miR-423-3p",4228,2596,1385,2312,1203,2985,2560,2628,1878,3030,1766,2235
"hsa-miR-423-5p",7103,2930,1629,2371,843,2935,2170,2688,1481,2905,1784,2615
"hsa-miR-424-3p",48,29,23,32,15,43,19,32,20,38,21,36
"hsa-miR-424-5p",11,14,14,16,34,42,17,20,33,74,17,29
"hsa-miR-425-3p",30,33,19,43,36,45,26,10,33,68,42,36
"hsa-miR-425-5p",159,115,95,179,60,151,71,87,68,110,67,85
"hsa-miR-4286",3,7,9,10,2,19,9,0,3,26,7,6
"hsa-miR-429",0,0,0,0,0,1,0,0,0,1,0,1
"hsa-miR-431-3p",2,7,0,2,4,3,0,0,0,0,2,5
"hsa-miR-431-5p",0,0,0,0,0,1,0,0,0,1,0,0
"hsa-miR-432-5p",51,15,8,8,10,12,2,21,4,10,12,4
"hsa-miR-4326",1,13,25,9,7,14,14,24,7,38,7,10
"hsa-miR-433-3p",35,18,10,14,9,20,15,7,3,2,8,7
"hsa-miR-433-5p",0,0,0,1,0,0,0,0,0,0,0,0
"hsa-miR-4421",8,1,0,2,4,2,0,0,0,1,0,0
"hsa-miR-4423-3p",0,0,1,0,1,1,0,0,0,7,1,0
"hsa-miR-4423-5p",0,0,1,2,0,0,0,0,0,0,0,3
"hsa-miR-4426",0,0,0,1,1,0,0,0,0,1,0,3
"hsa-miR-4427",2,0,0,0,0,0,0,0,0,0,0,0
"hsa-miR-4428",21,6,7,2,4,9,15,21,4,5,9,11
"hsa-miR-4431",0,0,0,0,0,0,0,0,0,1,0,1
"hsa-miR-4433a-3p",0,6,4,8,1,2,1,0,1,3,0,2
"hsa-miR-4433a-5p",14,6,7,15,17,12,0,0,0,0,0,0
"hsa-miR-4433b-3p",14,6,7,15,17,12,0,0,0,0,0,0
"hsa-miR-4433b-5p",0,6,4,8,1,2,1,0,1,3,0,2
"hsa-miR-4435",3,0,0,0,0,2,0,0,0,0,2,0
"hsa-miR-4446-3p",0,1,1,2,0,0,0,0,0,0,0,1
"hsa-miR-4446-5p",0,0,0,1,0,0,0,0,0,0,0,0
"hsa-miR-4449",2,3,4,2,9,1,2,5,6,7,5,8
"hsa-miR-4454",9,88,186,335,23,183,49,91,129,640,586,402
"hsa-miR-4467",2,0,0,0,0,0,0,0,0,0,0,0
"hsa-miR-4470",0,0,0,1,0,6,0,0,0,0,0,0
"hsa-miR-4473",3,3,3,2,0,6,0,7,0,9,2,2
"hsa-miR-4474-3p",0,0,0,0,0,0,0,1,0,0,0,0
"hsa-miR-4477a",4,0,0,0,0,2,0,0,2,0,0,1
"hsa-miR-4477b",0,0,0,0,0,0,1,0,0,0,0,0
"hsa-miR-448",0,0,0,1,0,0,0,0,0,0,0,0
"hsa-miR-4482-3p",0,2,0,0,0,0,0,1,0,0,0,3
"hsa-miR-4482-5p",0,1,0,0,0,0,0,0,0,0,0,0
"hsa-miR-4485-3p",27,37,24,55,1037,46,15,63,39,61,44,41
"hsa-miR-4485-5p",0,0,0,3,0,0,1,0,0,3,1,1
"hsa-miR-4488",0,0,0,1,1,0,0,3,0,0,1,0
"hsa-miR-4491",0,0,0,0,0,0,0,1,0,0,2,0
"hsa-miR-4498",0,0,0,1,0,0,1,1,0,0,0,3
"hsa-miR-449a",0,0,0,1,0,0,0,0,0,0,0,0
"hsa-miR-449c-5p",3,1,0,0,0,4,4,5,0,0,0,0
"hsa-miR-4503",0,0,0,0,0,2,0,0,0,0,0,4
"hsa-miR-4504",0,5,7,2,5,1,1,7,3,0,5,5
"hsa-miR-4506",0,0,0,0,0,0,0,1,0,0,0,0
"hsa-miR-4508",3,0,1,2,2,2,7,4,2,5,0,5
"hsa-miR-450a-1-3p",1,0,0,3,4,1,12,0,1,1,1,4
"hsa-miR-450a-2-3p",29,7,3,6,4,5,5,10,0,19,4,10
"hsa-miR-450a-5p",303,101,132,129,93,128,128,168,104,137,83,145
"hsa-miR-450b-5p",1070,435,550,759,363,832,479,514,536,722,430,631
"hsa-miR-4510",0,0,0,0,0,0,0,1,0,0,0,0
"hsa-miR-4511",0,1,3,3,0,0,0,3,1,0,0,0
"hsa-miR-451a",4327,10981,7544,6472,1199,1783,1604,4767,5209,3173,3130,3988
"hsa-miR-451b",1,13,9,9,0,5,1,2,1,2,4,0
"hsa-miR-452-5p",1514,941,663,2845,446,2553,1474,786,653,2833,850,1170
"hsa-miR-4520-2-3p",0,0,0,0,1,0,0,0,0,0,0,0
"hsa-miR-4520-5p",0,0,0,0,1,0,0,0,0,0,0,0
"hsa-miR-4521",8,12,3,26,1,16,11,0,19,14,13,9
"hsa-miR-4522",3,0,0,0,0,0,0,0,0,0,0,0
"hsa-miR-4524a-3p",3,1,0,0,0,0,1,0,0,0,3,0
"hsa-miR-4524b-5p",3,1,0,0,0,0,1,0,0,0,3,0
"hsa-miR-4529-3p",0,0,0,0,0,0,0,0,0,0,0,1
"hsa-miR-4529-5p",0,3,0,0,0,2,0,1,0,5,1,0
"hsa-miR-4533",0,0,2,0,0,0,0,0,0,3,0,1
"hsa-miR-4536-3p",0,0,0,0,0,0,2,0,2,0,0,0
"hsa-miR-4536-5p",0,0,0,0,2,0,2,0,3,1,6,8
"hsa-miR-454-3p",171,218,108,288,84,279,158,95,218,244,239,203
"hsa-miR-454-5p",17,16,5,9,0,6,16,4,12,10,5,11
"hsa-miR-455-3p",34,55,32,68,32,71,47,41,82,120,65,50
"hsa-miR-455-5p",595,463,347,411,159,433,506,612,421,476,280,474
"hsa-miR-4632-3p",0,0,0,2,0,0,0,0,0,0,0,0
"hsa-miR-4633-3p",0,0,0,0,0,0,2,0,0,0,0,0
"hsa-miR-4633-5p",0,0,0,0,0,0,0,0,1,0,0,0
"hsa-miR-4636",2,3,0,5,2,6,0,2,3,3,8,9
"hsa-miR-4637",0,0,0,0,0,0,4,0,0,0,0,0
"hsa-miR-4638-5p",0,1,0,0,1,0,0,2,0,3,1,1
"hsa-miR-4639-5p",1,1,2,1,0,0,1,0,0,3,0,1
"hsa-miR-4645-3p",3,2,14,1,2,4,2,4,0,2,3,6
"hsa-miR-4646-5p",0,0,2,0,0,0,0,0,0,0,0,0
"hsa-miR-4647",0,0,0,0,2,0,0,0,0,0,0,0
"hsa-miR-4652-5p",0,0,0,0,0,0,0,0,0,0,0,1
"hsa-miR-4654",0,0,0,0,1,0,0,1,0,0,0,0
"hsa-miR-4657",1,3,0,0,0,0,0,0,0,0,0,0
"hsa-miR-4659a-3p",0,2,0,4,0,3,1,0,0,0,1,1
"hsa-miR-4659a-5p",0,0,0,0,0,0,0,0,1,1,0,0
"hsa-miR-4659b-3p",0,0,0,0,0,0,0,0,1,1,0,0
"hsa-miR-4659b-5p",0,1,0,3,0,3,1,0,0,0,1,1
"hsa-miR-4660",0,0,0,0,0,0,5,0,0,0,0,1
"hsa-miR-4661-5p",14,3,3,4,2,1,1,6,1,5,2,2
"hsa-miR-4662a-5p",10,7,7,4,10,8,0,13,10,10,4,15
"hsa-miR-4662b",10,7,7,4,10,8,0,13,10,10,4,15
"hsa-miR-4664-3p",1,2,1,0,0,0,0,0,0,0,0,0
"hsa-miR-4665-5p",0,3,1,1,0,0,0,0,0,1,1,0
"hsa-miR-4667-3p",0,0,0,0,0,0,1,0,0,0,0,0
"hsa-miR-4667-5p",2,0,0,0,0,0,0,0,0,0,0,1
"hsa-miR-4669",0,0,0,0,1,0,0,0,0,0,0,0
"hsa-miR-4670-3p",0,3,0,2,4,3,0,1,0,0,2,1
"hsa-miR-4670-5p",3,3,0,2,4,3,0,1,0,4,2,1
"hsa-miR-4672",1,0,0,0,0,0,0,0,0,0,0,0
"hsa-miR-4676-3p",0,0,0,0,0,0,0,0,0,0,1,0
"hsa-miR-4676-5p",0,0,0,2,0,0,0,0,0,0,0,0
"hsa-miR-4677-3p",24,16,16,28,6,23,16,31,18,28,13,25
"hsa-miR-4677-5p",2,1,0,0,1,0,1,0,1,2,0,0
"hsa-miR-4678",0,0,0,0,0,0,0,0,0,1,0,0
"hsa-miR-4679",1,3,2,6,2,1,2,0,2,9,0,1
"hsa-miR-4680-3p",0,0,0,0,0,0,0,0,0,0,0,1
"hsa-miR-4680-5p",0,0,0,1,0,0,0,0,0,0,0,0
"hsa-miR-4683",3,1,1,0,0,0,0,3,0,5,1,1
"hsa-miR-4684-3p",0,0,0,0,0,0,0,0,0,0,1,0
"hsa-miR-4685-3p",0,0,0,0,0,0,0,0,0,0,0,1
"hsa-miR-4687-3p",0,0,0,1,0,0,0,0,0,0,0,0
"hsa-miR-4688",2,0,0,0,0,0,0,0,0,0,0,0
"hsa-miR-4691-3p",1,0,0,0,0,0,0,1,0,1,0,1
"hsa-miR-4693-3p",0,0,0,0,0,0,0,0,0,4,0,0
"hsa-miR-4695-5p",0,0,0,0,0,0,0,0,0,1,0,0
"hsa-miR-4697-3p",0,0,0,1,0,1,3,0,2,0,0,0
"hsa-miR-4697-5p",0,0,0,0,0,0,0,2,0,0,0,0
"hsa-miR-4699-3p",6,13,3,8,2,3,3,1,6,6,5,2
"hsa-miR-4699-5p",1,0,0,0,0,0,0,0,0,1,1,0
"hsa-miR-4701-5p",0,0,0,0,0,0,0,0,0,0,0,5
"hsa-miR-4703-3p",1,2,0,0,0,0,0,2,0,0,0,0
"hsa-miR-4703-5p",0,0,0,0,1,0,0,0,0,0,0,0
"hsa-miR-4705",4,1,0,0,1,0,2,5,0,8,2,2
"hsa-miR-4709-3p",3,3,0,2,0,1,0,0,0,1,0,1
"hsa-miR-4709-5p",1,0,1,1,3,0,4,1,1,0,2,0
"hsa-miR-4711-5p",0,0,0,0,0,0,2,0,0,0,0,0
"hsa-miR-4712-5p",0,0,0,0,0,0,0,0,0,0,0,4
"hsa-miR-4713-5p",0,1,0,0,0,0,0,0,0,0,0,0
"hsa-miR-4717-3p",0,0,0,0,1,0,0,0,0,0,0,0
"hsa-miR-4717-5p",0,0,0,0,1,0,0,0,0,0,0,0
"hsa-miR-4720-5p",0,0,0,2,0,0,0,0,0,0,0,0
"hsa-miR-4723-5p",0,1,0,0,0,0,0,0,0,1,0,1
"hsa-miR-4725-3p",0,0,2,0,0,0,0,0,0,0,0,0
"hsa-miR-4726-5p",1,0,0,0,0,1,0,0,0,1,0,3
"hsa-miR-4727-3p",1,1,0,1,0,0,1,0,0,0,0,1
"hsa-miR-4728-3p",1,0,2,0,0,0,1,1,0,0,0,0
"hsa-miR-4728-5p",0,0,0,0,0,3,0,0,0,0,8,1
"hsa-miR-4729",0,0,0,0,0,0,1,0,0,0,0,0
"hsa-miR-4731-5p",0,0,0,0,2,0,0,0,0,0,0,0
"hsa-miR-4732-3p",2,8,1,2,0,0,1,3,0,1,0,0
"hsa-miR-4732-5p",3,2,0,0,0,2,2,0,0,0,0,0
"hsa-miR-4733-3p",0,0,1,0,0,0,0,0,0,0,0,0
"hsa-miR-4733-5p",0,0,0,0,0,0,1,0,0,0,0,0
"hsa-miR-4734",0,1,0,0,0,0,0,0,0,0,0,0
"hsa-miR-4738-3p",0,2,2,0,0,0,0,0,0,0,0,1
"hsa-miR-4740-5p",0,0,0,0,0,0,0,0,0,1,0,0
"hsa-miR-4741",0,1,0,0,0,0,0,0,0,0,0,0
"hsa-miR-4742-3p",0,1,1,0,0,1,1,1,0,4,1,0
"hsa-miR-4742-5p",2,0,0,0,0,1,1,0,2,0,0,0
"hsa-miR-4743-5p",1,0,0,0,0,0,2,0,0,0,0,0
"hsa-miR-4746-5p",7,3,1,4,2,0,1,1,1,9,1,5
"hsa-miR-4748",0,1,0,0,0,0,0,0,0,0,0,0
"hsa-miR-4750-5p",0,0,1,0,0,2,0,0,0,1,0,0
"hsa-miR-4755-3p",0,1,1,0,1,0,0,3,0,3,0,0
"hsa-miR-4755-5p",0,0,0,0,0,0,0,3,0,3,0,0
"hsa-miR-4757-5p",0,0,0,0,0,1,0,0,0,0,0,0
"hsa-miR-4762-3p",2,0,0,0,0,1,0,0,0,0,0,1
"hsa-miR-4763-3p",0,1,0,0,0,0,0,0,0,0,0,0
"hsa-miR-4763-5p",4,0,0,0,0,0,0,0,0,0,0,0
"hsa-miR-4764-5p",0,1,0,0,0,0,0,0,0,0,0,1
"hsa-miR-4765",0,1,0,0,0,0,0,0,0,0,0,0
"hsa-miR-4766-5p",0,0,0,0,0,0,0,0,0,2,0,0
"hsa-miR-4772-5p",0,0,0,0,0,0,0,0,0,0,1,0
"hsa-miR-4773",0,0,0,1,0,0,1,0,1,1,0,0
"hsa-miR-4774-5p",0,1,0,0,2,0,1,0,0,0,5,0
"hsa-miR-4775",5,0,0,0,0,1,0,0,0,1,0,1
"hsa-miR-4781-3p",2,2,1,2,0,0,1,1,0,0,0,2
"hsa-miR-4782-3p",1,0,0,0,0,0,0,0,0,0,0,0
"hsa-miR-4786-5p",6,3,1,4,2,4,3,15,0,1,0,5
"hsa-miR-4787-3p",0,2,3,2,1,3,0,5,3,8,5,5
"hsa-miR-4791",1,0,6,5,1,2,0,3,1,1,1,4
"hsa-miR-4795-3p",0,0,0,0,0,0,0,0,0,1,2,0
"hsa-miR-4795-5p",0,1,0,0,0,1,0,0,0,0,0,0
"hsa-miR-4796-3p",0,0,1,1,0,0,0,0,0,0,0,0
"hsa-miR-4796-5p",1,6,2,0,1,3,9,3,0,1,0,4
"hsa-miR-4797-3p",0,3,0,0,1,1,3,2,1,3,0,0
"hsa-miR-4797-5p",0,0,0,0,1,1,1,2,1,0,0,0
"hsa-miR-4798-5p",5,8,3,10,0,4,0,0,5,4,2,2
"hsa-miR-4799-5p",0,2,0,0,0,0,0,0,0,0,0,0
"hsa-miR-4800-3p",1,2,0,0,0,0,1,6,0,1,3,0
"hsa-miR-4800-5p",0,1,0,0,0,1,0,0,0,0,0,0
"hsa-miR-4802-3p",0,0,0,0,0,0,0,0,0,0,0,1
"hsa-miR-4804-5p",0,0,1,0,0,0,0,0,0,0,0,0
"hsa-miR-483-3p",35,36,30,38,48,49,27,32,39,90,31,56
"hsa-miR-483-5p",27,25,10,32,23,30,9,22,35,31,12,22
"hsa-miR-484",236,193,106,179,93,293,199,67,162,281,119,267
"hsa-miR-485-3p",8,3,3,3,2,3,2,0,4,4,6,1
"hsa-miR-485-5p",58,21,21,23,9,13,19,15,6,14,9,15
"hsa-miR-486-3p",9735,9249,6171,7722,2745,4836,4264,5447,4354,6590,3793,3554
"hsa-miR-486-5p",9737,9248,6181,7713,2765,4808,4222,5501,4349,6598,3816,3553
"hsa-miR-487a-3p",4,2,0,1,0,0,0,0,2,0,1,1
"hsa-miR-487a-5p",4,3,0,2,1,0,0,0,0,0,0,1
"hsa-miR-487b-3p",18,10,4,14,8,26,7,9,20,8,17,11
"hsa-miR-487b-5p",0,0,1,0,0,0,0,0,1,0,0,0
"hsa-miR-488-3p",0,0,0,0,1,0,4,0,0,6,0,1
"hsa-miR-488-5p",0,0,0,0,0,0,0,3,0,0,0,1
"hsa-miR-489-3p",2,0,0,0,0,0,0,0,0,0,0,1
"hsa-miR-490-3p",285,334,217,532,201,487,455,427,313,678,518,447
"hsa-miR-490-5p",45,81,82,89,31,96,35,88,81,86,81,150
"hsa-miR-491-3p",0,0,1,0,0,1,0,0,1,1,1,4
"hsa-miR-491-5p",19,21,12,31,7,28,21,10,22,39,27,32
"hsa-miR-493-3p",138,35,81,18,19,47,45,73,13,39,44,42
"hsa-miR-493-5p",1337,485,512,350,118,380,509,632,219,375,262,329
"hsa-miR-494-3p",27,21,14,14,9,16,17,6,12,25,19,13
"hsa-miR-494-5p",0,0,0,0,0,0,0,0,0,0,1,0
"hsa-miR-495-3p",49,40,17,16,12,24,16,10,3,19,17,30
"hsa-miR-496",1,0,0,0,0,0,0,0,0,0,0,0
"hsa-miR-497-5p",43,28,26,36,26,54,31,30,44,86,37,66
"hsa-miR-498-5p",0,0,0,2,0,0,0,0,0,0,0,1
"hsa-miR-4999-3p",0,0,0,0,0,0,2,0,0,0,0,0
"hsa-miR-4999-5p",4,2,1,3,1,1,14,0,0,2,3,3
"hsa-miR-499a-3p",4,1,0,0,1,4,0,2,0,2,3,3
"hsa-miR-499a-5p",18554,13042,9935,15752,5372,15236,9908,9048,12496,15052,13374,14440
"hsa-miR-499b-3p",17355,12629,9525,15291,5183,14751,9603,8806,12125,14733,12978,14076
"hsa-miR-499b-5p",0,1,0,0,4,2,0,0,0,1,2,1
"hsa-miR-5000-3p",5,1,5,0,1,1,1,2,1,1,0,1
"hsa-miR-5001-3p",0,1,0,0,0,0,0,0,0,0,0,0
"hsa-miR-5001-5p",0,0,0,0,0,0,1,0,0,0,0,0
"hsa-miR-5002-5p",1,0,0,1,0,0,0,1,0,1,4,1
"hsa-miR-5008-3p",0,0,0,1,0,0,0,0,0,0,0,0
"hsa-miR-5009-5p",5,0,0,2,1,1,0,0,2,0,0,2
"hsa-miR-500a-3p",404,372,227,428,125,641,410,329,296,578,339,368
"hsa-miR-500a-5p",3,1,6,3,3,8,3,0,1,4,1,9
"hsa-miR-500b-3p",0,1,2,0,0,1,0,2,0,2,2,0
"hsa-miR-500b-5p",0,1,4,0,3,3,1,0,1,4,1,5
"hsa-miR-501-3p",299,229,124,188,75,292,247,225,203,267,203,168
"hsa-miR-501-5p",4,19,2,5,9,13,12,3,9,5,1,1
"hsa-miR-5010-3p",7,7,3,3,0,14,1,3,8,6,2,3
"hsa-miR-5010-5p",0,0,1,0,1,0,0,0,0,0,0,0
"hsa-miR-502-3p",159,123,75,128,34,193,101,79,81,186,112,122
"hsa-miR-502-5p",0,0,0,1,2,7,1,3,5,1,9,6
"hsa-miR-503-3p",2,0,1,0,0,0,3,0,0,0,0,0
"hsa-miR-503-5p",26,29,26,14,10,31,21,26,12,30,8,22
"hsa-miR-504-5p",159,92,42,103,17,132,104,118,86,203,59,110
"hsa-miR-505-3p",44,44,26,61,27,50,39,30,25,60,31,46
"hsa-miR-505-5p",2,2,1,0,0,0,0,0,4,5,3,0
"hsa-miR-506-3p",0,1,0,0,0,0,0,0,0,0,0,4
"hsa-miR-508-3p",3,4,7,7,1,4,0,6,3,1,2,18
"hsa-miR-508-5p",0,0,2,1,0,0,0,0,0,0,0,0
"hsa-miR-5087",0,0,0,0,0,0,0,0,2,0,0,0
"hsa-miR-5089-3p",0,0,0,0,0,0,0,0,0,2,0,2
"hsa-miR-5089-5p",0,0,0,0,0,0,0,0,0,0,1,0
"hsa-miR-509-3-5p",3,2,2,1,0,0,1,1,0,0,0,5
"hsa-miR-509-3p",2,0,0,0,0,0,0,0,0,0,0,0
"hsa-miR-509-5p",0,0,0,0,1,0,0,0,0,0,0,0
"hsa-miR-5090",0,0,0,0,0,0,3,1,0,2,0,0
"hsa-miR-5091",3,0,0,0,2,1,5,3,0,0,0,1
"hsa-miR-5094",3,0,0,1,0,2,0,0,0,2,0,0
"hsa-miR-5100",0,0,0,0,0,1,0,0,0,3,0,0
"hsa-miR-511-3p",0,3,0,1,0,9,0,0,0,3,0,2
"hsa-miR-511-5p",148,73,64,15,10,37,25,112,17,15,15,27
"hsa-miR-512-3p",6,0,1,0,2,3,0,1,2,6,0,4
"hsa-miR-513a-5p",0,0,0,3,0,0,0,0,0,0,0,0
"hsa-miR-513c-5p",0,0,0,0,0,0,0,2,0,0,0,0
"hsa-miR-514a-3p",20,4,27,16,3,3,11,6,3,7,1,42
"hsa-miR-516a-5p",0,0,2,14,4,2,11,4,12,9,0,8
"hsa-miR-516b-5p",38,1,18,27,15,7,39,112,27,12,1,17
"hsa-miR-517-5p",0,0,0,0,0,0,0,0,0,0,0,1
"hsa-miR-517a-3p",2,0,0,6,1,2,3,3,0,0,0,1
"hsa-miR-517c-3p",0,0,2,2,1,0,0,0,2,4,0,2
"hsa-miR-5187-5p",0,0,1,6,0,1,2,3,1,2,4,2
"hsa-miR-5188",1,3,0,1,0,3,2,0,0,0,2,0
"hsa-miR-5189-3p",0,0,0,0,0,0,0,1,0,2,0,0
"hsa-miR-518a-3p",0,0,0,1,1,0,0,1,2,0,0,0
"hsa-miR-518b",2,0,0,3,6,0,1,3,1,6,0,3
"hsa-miR-518c-3p",1,0,1,0,0,0,0,0,0,0,0,1
"hsa-miR-518c-5p",0,0,0,0,0,0,0,1,0,0,0,0
"hsa-miR-518e-3p",0,0,1,1,2,0,0,0,0,1,0,0
"hsa-miR-518f-3p",0,0,2,0,0,0,0,1,1,0,0,0
"hsa-miR-518f-5p",0,0,0,1,0,1,1,7,0,0,0,0
"hsa-miR-5191",1,0,0,1,0,0,0,0,0,0,0,0
"hsa-miR-5193",1,0,1,2,3,3,0,2,3,1,0,1
"hsa-miR-519a-3p",0,0,0,0,1,0,0,0,0,0,0,0
"hsa-miR-519b-3p",0,0,0,0,0,0,0,0,0,1,0,0
"hsa-miR-519c-3p",0,0,0,0,1,0,0,0,0,0,0,0
"hsa-miR-519c-5p",0,0,0,4,2,0,0,5,3,6,0,0
"hsa-miR-519d-3p",0,0,2,0,0,3,5,0,0,0,0,0
"hsa-miR-519e-3p",0,0,0,2,0,0,0,0,0,0,0,0
"hsa-miR-520a-3p",1,0,3,2,1,0,0,1,0,6,0,1
"hsa-miR-520a-5p",0,0,1,0,0,0,0,0,0,3,0,1
"hsa-miR-520b-3p",0,0,0,0,0,0,0,0,2,0,0,1
"hsa-miR-520d-3p",0,0,0,1,1,0,1,0,1,1,4,1
"hsa-miR-520f-3p",3,0,1,2,0,1,0,5,0,1,0,1
"hsa-miR-520g-3p",0,2,0,2,2,0,0,11,1,4,0,3
"hsa-miR-520g-5p",0,0,0,0,0,0,0,0,0,0,0,1
"hsa-miR-520h",0,0,0,0,1,0,0,0,0,1,0,1
"hsa-miR-522-3p",2,0,0,0,0,3,2,4,0,0,0,0
"hsa-miR-523-3p",0,0,0,0,2,0,0,1,1,1,0,4
"hsa-miR-524-3p",0,0,0,2,0,0,0,0,0,0,0,0
"hsa-miR-526a-5p",0,0,0,1,0,1,1,7,0,0,0,0
"hsa-miR-526b-3p",0,0,0,0,0,0,0,0,2,0,0,1
"hsa-miR-526b-5p",3,1,4,6,2,0,0,6,1,2,1,1
"hsa-miR-532-3p",10,10,2,6,5,22,4,6,10,31,14,6
"hsa-miR-532-5p",4115,3229,2741,2468,1034,2976,2040,3910,1610,2748,2050,2242
"hsa-miR-539-3p",1,3,0,1,0,1,6,1,1,0,5,2
"hsa-miR-539-5p",2,2,5,1,1,2,6,0,0,0,0,3
"hsa-miR-541-3p",0,0,0,0,1,0,0,0,1,0,0,0
"hsa-miR-542-3p",505,316,458,714,349,1066,439,658,697,808,519,652
"hsa-miR-542-5p",6,0,2,0,3,0,0,9,0,1,1,1
"hsa-miR-543",85,33,17,14,16,32,24,19,8,11,11,8
"hsa-miR-544b",2,0,0,0,0,0,0,0,0,0,0,0
"hsa-miR-545-5p",0,0,0,0,0,0,0,0,0,0,0,1
"hsa-miR-548a-3p",2,1,0,2,0,2,4,0,4,4,0,0
"hsa-miR-548a-5p",0,0,0,0,1,0,0,0,0,0,0,0
"hsa-miR-548ab",0,1,1,0,0,0,0,0,0,1,1,1
"hsa-miR-548ac",0,1,0,0,0,0,0,0,0,0,0,0
"hsa-miR-548ad-5p",3,5,5,10,4,5,5,5,6,1,7,5
"hsa-miR-548ag",9,16,17,0,3,0,9,17,28,22,9,37
"hsa-miR-548ah-3p",10,5,7,3,2,1,10,8,5,10,2,15
"hsa-miR-548ah-5p",0,0,0,0,0,0,1,0,0,0,0,0
"hsa-miR-548ak",1,0,0,0,0,0,0,0,0,0,0,0
"hsa-miR-548al",0,0,0,0,0,0,0,0,1,0,0,3
"hsa-miR-548am-3p",5,1,1,0,1,0,0,0,2,6,0,2
"hsa-miR-548ao-3p",1,6,4,2,12,2,4,1,1,2,0,1
"hsa-miR-548ap-3p",3,3,4,7,2,1,4,2,2,2,7,2
"hsa-miR-548aq-3p",7,0,2,1,0,1,0,0,1,3,0,0
"hsa-miR-548ar-3p",1,2,1,5,0,0,0,0,12,3,0,0
"hsa-miR-548as-5p",0,2,0,0,0,0,0,0,0,0,0,0
"hsa-miR-548at-3p",0,1,0,0,0,0,0,0,0,0,0,0
"hsa-miR-548at-5p",0,0,0,0,0,0,0,0,0,0,0,1
"hsa-miR-548au-5p",0,0,1,0,0,2,0,0,0,0,0,1
"hsa-miR-548av-3p",1,0,0,2,1,5,0,0,0,1,0,0
"hsa-miR-548aw",7,0,0,0,0,0,1,0,0,0,0,0
"hsa-miR-548ay-3p",1,6,0,2,0,1,2,1,2,3,3,5
"hsa-miR-548az-3p",0,0,0,1,0,0,0,0,0,0,0,0
"hsa-miR-548az-5p",0,4,2,1,0,0,3,4,0,0,4,9
"hsa-miR-548b-5p",0,0,0,2,0,0,0,0,0,3,1,0
"hsa-miR-548ba",1,5,7,10,0,8,23,2,0,41,1,12
"hsa-miR-548bc",99,48,47,40,28,48,32,76,10,34,27,61
"hsa-miR-548c-3p",1,0,0,0,0,0,0,0,0,0,0,0
"hsa-miR-548c-5p",0,2,1,0,2,0,0,0,0,0,0,1
"hsa-miR-548d-5p",3,5,4,8,2,1,4,2,2,6,11,2
"hsa-miR-548e-3p",30,28,13,43,10,29,25,14,17,22,22,24
"hsa-miR-548f-3p",26,18,13,4,4,15,9,17,7,4,3,20
"hsa-miR-548f-5p",99,48,47,40,28,48,32,76,10,34,27,61
"hsa-miR-548g-5p",7,0,2,1,0,1,0,0,1,3,0,0
"hsa-miR-548h-3p",0,0,0,0,0,0,0,2,0,0,0,1
"hsa-miR-548h-5p",0,0,0,0,0,1,1,0,0,0,0,2
"hsa-miR-548i",0,0,0,0,0,0,0,0,1,0,0,0
"hsa-miR-548j-3p",0,0,0,3,0,0,1,1,3,0,1,0
"hsa-miR-548j-5p",0,3,0,0,0,0,1,0,0,0,3,1
"hsa-miR-548k",6,11,2,17,1,23,9,5,2,15,17,12
"hsa-miR-548l",2,5,0,1,0,3,1,0,6,0,0,0
"hsa-miR-548n",7,5,4,14,7,17,13,0,5,10,15,15
"hsa-miR-548o-3p",115,71,91,89,28,98,49,92,49,95,66,102
"hsa-miR-548p",10,5,7,3,2,1,9,8,5,10,2,15
"hsa-miR-548q",5,7,3,7,3,2,5,1,3,5,1,9
"hsa-miR-548t-3p",3,3,5,9,2,3,4,3,3,4,7,2
"hsa-miR-548t-5p",0,0,0,0,0,0,0,0,0,1,0,0
"hsa-miR-548u",3,1,3,0,0,2,0,6,0,1,1,0
"hsa-miR-548v",0,0,1,0,0,2,0,1,1,2,4,3
"hsa-miR-548w",1,2,0,2,0,1,1,3,1,0,4,0
"hsa-miR-549a-3p",0,0,0,0,0,2,0,0,0,0,0,0
"hsa-miR-549a-5p",0,0,0,0,0,2,0,0,0,0,1,0
"hsa-miR-550a-3-5p",18,14,9,7,2,4,9,7,11,5,11,3
"hsa-miR-550a-3p",3,1,0,1,0,0,0,0,0,0,4,0
"hsa-miR-550a-5p",18,14,9,7,2,4,9,7,11,5,11,3
"hsa-miR-550b-2-5p",3,1,0,1,0,0,0,0,0,0,4,0
"hsa-miR-550b-3p",15,8,8,7,2,4,7,7,6,5,9,3
"hsa-miR-552-3p",2,1,2,1,0,0,1,0,0,0,1,0
"hsa-miR-552-5p",1,2,1,0,0,0,1,0,0,0,1,1
"hsa-miR-556-3p",0,0,0,1,0,1,3,0,3,0,0,3
"hsa-miR-556-5p",2,0,0,0,0,0,2,1,0,0,0,0
"hsa-miR-5581-3p",4,1,0,0,0,1,0,0,0,1,0,9
"hsa-miR-5584-5p",1,0,0,0,0,0,0,1,0,0,0,0
"hsa-miR-5585-3p",0,0,0,0,4,0,0,0,0,0,0,0
"hsa-miR-5588-3p",1,0,0,0,0,0,0,0,0,2,0,0
"hsa-miR-5588-5p",4,7,3,0,0,1,6,2,7,3,1,4
"hsa-miR-561-5p",0,3,0,0,0,0,0,0,0,0,0,0
"hsa-miR-5680",0,0,1,2,0,1,0,0,0,2,0,0
"hsa-miR-5683",3,3,2,0,0,0,3,1,2,0,0,2
"hsa-miR-5684",0,0,0,0,0,0,0,0,1,0,0,0
"hsa-miR-5687",0,0,0,1,0,0,0,0,0,0,0,0
"hsa-miR-5690",0,2,2,5,0,6,1,1,1,0,2,5
"hsa-miR-5691",0,0,0,0,0,0,0,0,0,1,0,0
"hsa-miR-5696",0,0,2,0,0,0,0,0,0,0,0,0
"hsa-miR-5697",0,0,0,0,0,2,0,0,0,0,0,0
"hsa-miR-5698",0,0,1,0,0,0,0,0,0,0,0,0
"hsa-miR-5699-3p",0,0,0,1,0,0,2,0,0,4,1,1
"hsa-miR-5699-5p",0,2,1,0,0,1,0,2,0,0,1,1
"hsa-miR-570-3p",0,1,0,1,0,0,0,1,2,0,0,0
"hsa-miR-5702",0,0,0,1,0,0,0,0,0,0,4,0
"hsa-miR-5703",0,0,0,0,2,0,0,0,0,0,0,0
"hsa-miR-5706",0,0,0,0,0,0,0,0,0,1,0,0
"hsa-miR-5708",4,1,0,0,0,0,1,0,0,1,0,0
"hsa-miR-574-3p",468,313,217,339,54,404,265,175,223,504,289,511
"hsa-miR-574-5p",374,212,143,122,25,173,146,150,92,159,111,166
"hsa-miR-576-3p",55,35,25,39,18,55,35,32,28,38,17,40
"hsa-miR-576-5p",27,3,7,10,1,5,16,3,6,7,13,17
"hsa-miR-577",0,3,0,0,0,0,0,0,0,0,0,0
"hsa-miR-578",5,1,0,0,0,1,0,2,1,0,1,0
"hsa-miR-579-3p",0,0,0,2,0,0,0,0,0,0,0,0
"hsa-miR-579-5p",1,7,0,1,0,0,0,0,1,1,0,0
"hsa-miR-580-3p",1,4,0,0,1,2,4,9,2,13,2,3
"hsa-miR-581",8,10,3,7,3,4,4,5,6,5,2,15
"hsa-miR-582-3p",110,101,71,80,29,90,26,191,49,79,49,76
"hsa-miR-582-5p",0,0,0,0,0,0,2,0,0,7,0,0
"hsa-miR-584-3p",0,0,0,0,0,0,0,0,0,0,0,1
"hsa-miR-584-5p",406,386,349,280,153,356,278,175,206,416,263,316
"hsa-miR-585-3p",1,4,6,15,0,15,14,12,6,9,13,4
"hsa-miR-589-5p",158,151,118,107,58,92,81,200,50,103,71,107
"hsa-miR-590-3p",10,20,17,26,6,31,12,6,19,40,27,36
"hsa-miR-592",0,0,1,1,0,2,0,0,0,0,0,0
"hsa-miR-597-3p",1,1,1,1,0,0,0,4,2,2,2,0
"hsa-miR-598-3p",23,32,23,34,21,46,19,7,40,39,57,47
"hsa-miR-598-5p",0,1,0,0,0,3,0,0,0,0,0,0
"hsa-miR-603",0,0,0,0,0,0,0,0,0,1,0,0
"hsa-miR-605-3p",2,1,0,1,0,0,0,1,2,1,1,0
"hsa-miR-605-5p",0,0,1,0,0,1,0,2,1,3,0,0
"hsa-miR-607",0,0,0,0,0,0,0,0,0,0,1,1
"hsa-miR-612",0,0,0,0,3,0,0,0,0,0,0,0
"hsa-miR-6125",0,0,0,0,0,0,0,1,0,0,0,0
"hsa-miR-615-3p",7,4,1,8,12,2,0,1,1,2,1,3
"hsa-miR-616-3p",0,0,0,3,0,0,0,0,1,6,1,2
"hsa-miR-616-5p",1,1,2,0,1,3,6,1,1,1,0,0
"hsa-miR-618",70,47,21,33,30,30,45,14,21,11,32,40
"hsa-miR-619-5p",4,3,3,3,77,0,10,12,3,6,1,7
"hsa-miR-624-5p",0,2,0,2,0,0,0,0,2,0,1,2
"hsa-miR-625-3p",15,20,8,13,8,13,8,10,11,15,2,15
"hsa-miR-625-5p",6,8,2,10,1,9,6,0,3,12,1,8
"hsa-miR-627-3p",0,1,0,1,0,0,1,0,0,1,0,4
"hsa-miR-627-5p",0,0,0,2,0,1,0,0,0,1,1,5
"hsa-miR-628-3p",9,4,7,4,4,6,10,2,7,11,4,28
"hsa-miR-628-5p",62,33,14,41,9,36,29,32,17,50,27,55
"hsa-miR-629-3p",0,0,0,4,0,0,0,3,0,0,3,1
"hsa-miR-629-5p",296,212,176,300,104,332,217,280,171,324,198,262
"hsa-miR-632",0,0,0,0,2,0,0,0,0,0,0,0
"hsa-miR-636",0,0,0,0,0,3,0,0,0,0,0,0
"hsa-miR-639",0,0,0,0,0,0,0,0,0,0,0,1
"hsa-miR-641",13,3,5,2,0,6,7,3,2,1,2,4
"hsa-miR-642a-3p",6,4,0,5,3,0,9,4,1,3,0,2
"hsa-miR-642a-5p",11,15,0,17,4,13,10,11,6,31,12,8
"hsa-miR-642b-3p",11,15,0,17,4,13,10,11,6,31,12,8
"hsa-miR-642b-5p",6,4,0,5,3,0,9,4,1,3,0,2
"hsa-miR-643",0,0,0,1,0,1,0,0,0,0,1,0
"hsa-miR-6500-3p",16,2,10,13,1,11,0,13,1,20,5,8
"hsa-miR-6501-5p",1,0,0,0,1,2,0,0,0,1,1,0
"hsa-miR-6502-3p",0,0,3,0,0,0,0,0,0,0,0,0
"hsa-miR-6502-5p",0,0,0,0,0,2,0,1,0,0,0,4
"hsa-miR-6503-3p",0,0,0,0,0,0,1,4,0,0,0,1
"hsa-miR-6505-3p",6,6,3,1,2,1,3,7,5,3,0,3
"hsa-miR-6505-5p",256,196,91,150,55,165,117,197,93,116,85,93
"hsa-miR-6506-5p",0,0,0,0,0,0,0,0,3,0,0,0
"hsa-miR-6507-5p",0,0,0,0,0,0,0,1,0,0,0,0
"hsa-miR-6508-3p",4,9,0,4,0,5,7,2,8,6,3,3
"hsa-miR-6509-3p",0,0,0,0,0,1,0,0,0,0,2,0
"hsa-miR-6509-5p",1,0,0,1,0,1,0,0,0,0,3,0
"hsa-miR-651-5p",267,484,314,670,291,996,556,259,533,640,1090,549
"hsa-miR-6511a-3p",4,2,1,0,4,4,9,1,2,7,5,5
"hsa-miR-6511a-5p",2,0,0,0,0,0,0,0,1,0,0,0
"hsa-miR-6511b-3p",7,4,1,10,5,4,3,1,3,6,8,5
"hsa-miR-6511b-5p",6,0,0,3,0,1,1,0,1,2,0,1
"hsa-miR-6513-3p",1,1,0,0,0,0,0,0,0,0,0,0
"hsa-miR-6513-5p",0,2,0,0,1,1,0,0,0,0,0,0
"hsa-miR-6514-5p",15,16,8,6,3,6,7,11,6,7,2,4
"hsa-miR-6515-5p",10,1,1,2,0,1,3,3,0,2,0,1
"hsa-miR-6516-3p",2,5,4,2,0,5,0,0,4,1,0,3
"hsa-miR-6516-5p",1,0,3,3,2,3,2,0,0,7,1,3
"hsa-miR-652-3p",195,163,167,356,91,234,202,105,112,280,254,283
"hsa-miR-652-5p",4,8,13,40,7,50,10,0,19,33,55,32
"hsa-miR-6529-5p",1,0,4,1,0,0,0,6,0,0,0,0
"hsa-miR-653-3p",0,1,0,0,0,0,0,1,0,0,0,0
"hsa-miR-653-5p",23,25,20,19,6,46,10,16,13,24,24,25
"hsa-miR-654-3p",159,94,99,78,23,64,50,72,39,83,97,94
"hsa-miR-654-5p",85,24,43,17,8,26,28,24,20,22,19,31
"hsa-miR-655-3p",0,2,2,3,1,5,4,0,7,12,8,7
"hsa-miR-656-3p",3,10,4,5,3,8,1,3,5,4,5,1
"hsa-miR-659-5p",21,17,11,19,5,17,13,17,3,11,13,16
"hsa-miR-660-3p",0,0,1,0,0,0,0,1,2,1,0,0
"hsa-miR-660-5p",81,85,57,117,45,158,100,43,89,150,122,102
"hsa-miR-663a",0,0,0,0,0,0,0,0,0,0,0,1
"hsa-miR-664a-3p",180,193,119,268,99,283,146,104,196,282,231,290
"hsa-miR-664a-5p",257,90,68,81,26,67,90,152,53,113,49,74
"hsa-miR-664b-3p",8,21,5,23,8,60,21,3,11,45,16,18
"hsa-miR-664b-5p",4,2,2,3,1,1,7,7,9,13,4,4
"hsa-miR-665",2,0,0,0,0,0,0,0,0,0,0,0
"hsa-miR-668-3p",1,0,1,1,1,1,4,0,1,1,0,0
"hsa-miR-671-3p",290,182,100,119,51,126,118,312,49,88,83,75
"hsa-miR-671-5p",35,30,11,26,4,17,36,6,8,21,17,14
"hsa-miR-6715a-3p",3,0,0,1,1,1,1,8,0,0,0,3
"hsa-miR-6715b-5p",3,0,0,1,1,1,1,8,0,0,0,3
"hsa-miR-6716-3p",68,28,13,15,4,26,16,58,6,18,13,20
"hsa-miR-6717-5p",0,0,0,1,0,1,0,0,0,2,1,0
"hsa-miR-6721-5p",0,0,0,0,0,0,3,0,0,2,2,0
"hsa-miR-6724-5p",0,0,1,0,1,2,2,0,0,7,1,0
"hsa-miR-6726-3p",3,0,0,0,2,0,0,2,2,0,0,0
"hsa-miR-6726-5p",0,0,0,0,0,0,0,1,0,0,0,0
"hsa-miR-6727-5p",0,0,0,1,0,0,0,0,0,0,0,0
"hsa-miR-6728-5p",0,0,0,0,0,0,0,0,0,0,0,1
"hsa-miR-6730-3p",0,0,0,3,0,0,0,0,0,0,0,0
"hsa-miR-6730-5p",0,0,0,0,0,0,1,0,0,0,0,0
"hsa-miR-6733-5p",2,5,1,9,1,4,2,5,2,3,4,3
"hsa-miR-6734-3p",0,0,0,0,0,0,1,0,0,0,0,0
"hsa-miR-6734-5p",0,0,0,0,0,1,0,0,0,0,4,0
"hsa-miR-6735-3p",0,0,0,0,0,2,0,1,0,0,0,0
"hsa-miR-6735-5p",6,0,1,0,0,1,1,0,0,1,0,1
"hsa-miR-6736-5p",0,3,0,0,0,0,0,0,0,0,0,0
"hsa-miR-6739-3p",0,1,0,0,0,0,0,0,0,0,0,0
"hsa-miR-6739-5p",0,0,0,0,0,0,0,2,0,0,0,0
"hsa-miR-6741-3p",2,0,0,3,0,0,0,2,0,0,0,0
"hsa-miR-6745",0,0,0,0,0,0,0,1,0,0,0,0
"hsa-miR-6746-3p",1,0,0,1,0,1,0,0,0,1,0,0
"hsa-miR-6747-3p",4,0,0,1,2,0,0,0,0,0,0,0
"hsa-miR-6748-5p",1,0,0,0,0,0,0,0,0,0,0,1
"hsa-miR-675-3p",6,23,5,2,12,9,7,9,7,14,4,9
"hsa-miR-675-5p",4,7,4,11,8,4,1,1,1,1,3,11
"hsa-miR-6755-5p",5,3,2,0,0,3,1,3,2,4,0,0
"hsa-miR-6756-3p",0,0,0,0,0,0,0,0,0,1,0,0
"hsa-miR-6757-5p",0,1,0,0,0,0,0,0,0,0,0,0
"hsa-miR-676-3p",27,22,11,9,13,20,17,8,25,10,15,9
"hsa-miR-676-5p",0,1,0,0,0,2,0,0,1,0,0,0
"hsa-miR-6761-3p",0,0,1,0,0,2,0,0,0,0,0,0
"hsa-miR-6761-5p",3,2,7,2,0,2,1,6,1,0,2,2
"hsa-miR-6762-3p",0,0,1,0,0,0,0,0,1,0,0,0
"hsa-miR-6762-5p",0,0,0,0,0,0,1,0,0,0,0,0
"hsa-miR-6763-5p",0,0,1,2,0,0,0,0,0,0,0,0
"hsa-miR-6764-5p",2,0,0,0,0,0,0,0,0,0,0,0
"hsa-miR-6766-5p",0,0,1,0,0,0,0,0,0,0,0,0
"hsa-miR-6767-5p",0,1,0,0,0,0,0,0,0,0,0,0
"hsa-miR-6770-3p",9,5,0,0,0,0,2,3,0,1,0,3
"hsa-miR-6772-3p",5,1,0,1,0,0,0,0,0,0,0,2
"hsa-miR-6774-3p",0,0,0,0,0,0,0,0,0,0,0,1
"hsa-miR-6780a-5p",0,0,0,0,0,0,0,0,2,0,0,0
"hsa-miR-6780b-3p",0,0,0,0,1,0,0,0,0,0,0,0
"hsa-miR-6780b-5p",0,1,0,0,0,0,0,0,0,0,0,0
"hsa-miR-6782-3p",0,0,0,0,1,0,0,0,0,0,1,0
"hsa-miR-6783-3p",0,1,0,0,0,0,0,0,0,0,0,0
"hsa-miR-6784-3p",0,0,0,0,0,0,0,0,0,0,1,0
"hsa-miR-6785-5p",0,0,0,0,0,0,0,0,0,0,0,1
"hsa-miR-6786-3p",0,0,0,0,0,1,0,0,0,0,0,0
"hsa-miR-6793-5p",0,0,0,0,0,4,0,0,0,0,0,0
"hsa-miR-6798-3p",0,0,0,0,0,1,2,2,0,0,0,0
"hsa-miR-6799-5p",0,0,0,0,0,1,0,0,0,0,0,0
"hsa-miR-6802-3p",1,2,2,2,1,0,1,0,0,0,0,0
"hsa-miR-6802-5p",0,0,0,0,0,0,0,0,0,0,2,0
"hsa-miR-6804-5p",0,0,0,1,0,0,0,0,0,0,0,0
"hsa-miR-6805-5p",4,0,0,1,0,0,0,0,0,2,0,0
"hsa-miR-6806-3p",4,0,0,1,1,0,0,3,0,0,0,0
"hsa-miR-6807-5p",0,0,0,0,0,0,0,0,0,2,0,0
"hsa-miR-6808-3p",0,0,0,0,0,0,0,0,0,0,0,1
"hsa-miR-6809-5p",0,0,0,0,0,0,0,0,0,0,3,0
"hsa-miR-6811-5p",2,0,0,1,4,3,3,1,1,1,0,3
"hsa-miR-6812-3p",0,1,0,0,0,0,0,0,0,0,0,0
"hsa-miR-6812-5p",0,0,0,0,0,0,0,0,0,1,0,0
"hsa-miR-6815-5p",0,1,0,2,0,0,0,1,0,0,2,0
"hsa-miR-6818-3p",5,0,0,0,0,0,0,0,0,0,0,2
"hsa-miR-6820-5p",1,0,0,0,0,1,0,0,0,0,0,0
"hsa-miR-6827-3p",0,0,0,0,2,1,0,0,0,0,0,0
"hsa-miR-6827-5p",3,1,1,2,0,0,0,2,2,3,0,3
"hsa-miR-6829-5p",0,0,0,0,0,0,0,0,0,0,0,2
"hsa-miR-6830-3p",1,1,0,0,0,0,0,0,0,0,0,0
"hsa-miR-6830-5p",2,0,2,0,0,0,0,0,0,0,3,0
"hsa-miR-6833-3p",0,0,0,0,0,0,0,0,0,0,0,2
"hsa-miR-6834-5p",0,0,0,0,0,0,0,0,0,0,0,2
"hsa-miR-6837-3p",7,0,1,2,2,1,0,2,1,2,1,2
"hsa-miR-6838-5p",0,0,0,0,0,1,0,0,0,0,0,0
"hsa-miR-6839-5p",6,5,1,0,1,0,0,5,0,1,0,0
"hsa-miR-6840-5p",0,0,0,0,0,0,0,0,0,0,6,2
"hsa-miR-6842-3p",4,5,8,1,3,9,2,2,5,0,3,11
"hsa-miR-6842-5p",0,1,3,0,0,0,0,0,0,0,0,0
"hsa-miR-6843-3p",2,1,0,0,0,0,0,3,0,0,0,0
"hsa-miR-6844",0,0,0,0,0,0,0,0,0,2,0,0
"hsa-miR-6846-5p",0,0,0,0,0,1,0,0,0,0,0,0
"hsa-miR-6847-5p",4,4,0,0,0,0,3,0,1,0,0,0
"hsa-miR-6852-5p",1,1,2,1,0,5,2,0,2,1,0,1
"hsa-miR-6853-3p",0,0,0,1,0,0,0,0,0,0,0,1
"hsa-miR-6854-3p",0,0,0,0,3,0,0,0,0,0,0,0
"hsa-miR-6855-5p",0,0,0,0,0,0,0,0,0,0,0,1
"hsa-miR-6856-3p",0,0,0,0,0,0,0,2,0,1,0,0
"hsa-miR-6859-3p",0,0,0,1,0,1,0,0,0,0,0,0
"hsa-miR-6859-5p",9,2,0,0,0,1,3,2,1,0,0,2
"hsa-miR-6862-5p",1,0,0,0,1,0,2,0,0,0,0,0
"hsa-miR-6864-5p",1,0,0,0,0,4,0,0,0,2,1,0
"hsa-miR-6865-3p",0,0,0,1,0,0,0,0,0,0,0,0
"hsa-miR-6866-5p",59,12,13,12,10,18,11,46,7,13,4,10
"hsa-miR-6868-3p",0,3,1,2,0,2,2,12,0,0,0,0
"hsa-miR-6871-5p",0,0,0,0,0,0,0,0,0,1,0,0
"hsa-miR-6873-3p",6,0,0,0,0,2,0,0,0,2,0,7
"hsa-miR-6874-3p",2,6,0,2,0,2,0,1,2,6,2,5
"hsa-miR-6874-5p",0,0,1,0,0,0,3,4,0,0,0,0
"hsa-miR-6875-3p",0,0,2,0,0,0,0,0,0,0,2,0
"hsa-miR-6876-3p",0,0,0,2,0,0,0,0,0,1,0,0
"hsa-miR-6877-5p",2,1,5,0,0,0,2,0,0,2,1,0
"hsa-miR-6878-5p",0,0,1,1,0,0,0,0,0,0,0,2
"hsa-miR-6882-5p",3,5,2,2,3,3,1,0,8,11,1,2
"hsa-miR-6883-3p",1,12,0,0,0,5,0,3,4,3,3,5
"hsa-miR-6884-3p",2,0,0,0,0,0,0,0,0,0,0,0
"hsa-miR-6884-5p",0,2,0,0,0,0,0,0,0,0,0,0
"hsa-miR-6885-3p",0,0,0,1,0,0,0,0,0,0,0,0
"hsa-miR-6886-3p",0,0,0,0,0,0,0,0,2,0,0,0
"hsa-miR-6890-5p",0,0,0,0,0,0,0,0,0,1,0,0
"hsa-miR-7-1-3p",3,5,6,10,2,9,0,3,5,6,8,9
"hsa-miR-7-2-3p",0,0,0,0,0,3,1,1,0,5,0,2
"hsa-miR-7-5p",4006,3020,2200,3136,1627,2458,1372,1880,1520,1386,1194,1384
"hsa-miR-708-3p",120,95,96,101,33,141,98,502,57,98,78,140
"hsa-miR-708-5p",16,18,17,26,8,26,28,19,12,44,32,19
"hsa-miR-7110-3p",0,0,0,1,0,0,0,0,0,0,0,0
"hsa-miR-7113-5p",0,1,0,0,1,2,0,0,4,0,0,0
"hsa-miR-7114-5p",0,0,0,0,0,0,0,3,0,0,0,0
"hsa-miR-7151-3p",13,9,16,11,2,22,21,25,18,18,11,50
"hsa-miR-7151-5p",28,10,7,21,3,14,13,17,14,8,13,25
"hsa-miR-7155-3p",0,0,0,0,0,0,0,0,0,0,1,3
"hsa-miR-7155-5p",0,0,0,1,0,0,0,0,0,0,0,0
"hsa-miR-7160-3p",7,4,2,3,2,5,1,2,2,5,1,8
"hsa-miR-744-3p",2,2,0,5,1,0,1,0,0,1,2,0
"hsa-miR-744-5p",1296,638,489,723,319,678,690,1083,405,1045,486,623
"hsa-miR-758-3p",13,12,4,5,2,2,10,15,7,2,4,14
"hsa-miR-760",9,3,1,0,1,4,2,5,0,0,1,2
"hsa-miR-765",0,0,0,0,1,2,0,0,1,1,0,0
"hsa-miR-766-3p",3,6,2,3,7,12,2,3,3,8,0,13
"hsa-miR-766-5p",0,1,1,0,0,0,0,0,0,0,0,0
"hsa-miR-767-3p",0,0,0,0,0,0,0,0,0,1,0,0
"hsa-miR-767-5p",0,0,0,0,0,0,0,0,1,0,1,0
"hsa-miR-769-3p",0,0,1,7,1,6,1,5,1,4,3,3
"hsa-miR-769-5p",724,488,491,638,229,671,310,883,441,795,593,609
"hsa-miR-7702",0,0,0,0,0,0,0,0,1,0,0,0
"hsa-miR-7704",27,18,30,16,15,27,7,55,14,37,12,35
"hsa-miR-7705",1,0,0,0,2,0,0,0,0,0,0,5
"hsa-miR-7706",143,92,93,243,126,366,242,439,234,223,108,210
"hsa-miR-7843-3p",0,0,0,0,0,0,0,0,0,0,0,1
"hsa-miR-7854-3p",1,0,0,0,0,0,0,0,0,0,0,0
"hsa-miR-7855-5p",1,0,0,0,0,2,0,0,0,1,0,0
"hsa-miR-7973",1,0,0,0,0,2,2,13,0,0,5,0
"hsa-miR-7974",4,5,4,6,2,4,1,0,0,2,0,0
"hsa-miR-7975",0,0,0,0,0,0,0,0,0,1,0,1
"hsa-miR-7976",2,12,7,3,0,3,1,5,2,3,4,4
"hsa-miR-8485",0,3,0,3,1,1,0,1,1,2,0,3
"hsa-miR-873-5p",1,4,2,3,2,1,0,0,1,0,1,0
"hsa-miR-874-3p",222,156,103,171,78,290,180,114,230,416,234,262
"hsa-miR-874-5p",0,2,1,9,0,12,4,1,4,11,5,4
"hsa-miR-877-3p",0,1,0,0,1,0,0,0,0,0,0,0
"hsa-miR-877-5p",10,1,6,2,9,8,8,2,6,25,1,14
"hsa-miR-885-5p",0,0,0,0,0,4,0,0,0,1,0,0
"hsa-miR-887-3p",8,0,2,16,3,8,6,3,7,26,15,12
"hsa-miR-887-5p",58,29,18,32,9,39,26,51,17,34,20,19
"hsa-miR-889-3p",33,35,80,36,20,37,21,25,19,19,45,26
"hsa-miR-891a-5p",3,0,0,0,0,0,1,0,0,2,0,0
"hsa-miR-892a",0,0,0,0,0,0,0,0,0,0,0,1
"hsa-miR-892c-3p",0,0,0,0,0,0,0,0,0,0,0,1
"hsa-miR-9-3p",4,7,6,8,13,6,1,4,3,5,3,8
"hsa-miR-9-5p",1210,1199,468,941,1045,961,462,774,647,1158,822,1317
"hsa-miR-92a-1-5p",3,0,0,1,0,0,4,0,0,1,0,0
"hsa-miR-92a-3p",12282,19540,5882,11376,4284,10562,9856,13173,9054,12489,7783,9815
"hsa-miR-92b-3p",335,274,132,174,64,290,167,324,126,297,135,252
"hsa-miR-92b-5p",3,4,1,2,0,2,1,13,6,6,9,3
"hsa-miR-93-3p",0,4,3,6,2,6,4,2,3,4,0,11
"hsa-miR-93-5p",235,396,176,607,173,455,351,109,409,591,423,412
"hsa-miR-935",0,0,0,1,4,0,4,2,3,2,0,1
"hsa-miR-937-3p",0,3,0,0,0,1,2,6,0,0,0,2
"hsa-miR-939-5p",2,0,0,0,0,0,0,0,1,0,0,1
"hsa-miR-940",0,0,0,0,0,2,3,0,0,0,0,0
"hsa-miR-941",3342,1644,1516,1151,699,1838,1480,3568,558,906,873,1349
"hsa-miR-942-5p",3,5,8,1,0,1,1,8,1,0,0,9
"hsa-miR-944",0,3,0,0,0,0,3,0,1,0,0,0
"hsa-miR-95-3p",3975,1904,1854,2804,740,2834,1797,2870,1750,2905,1720,2292
"hsa-miR-95-5p",1,3,0,1,1,0,0,3,1,2,0,2
"hsa-miR-96-5p",87,72,42,86,75,62,4,12,10,6,5,11
"hsa-miR-98-3p",2,0,2,0,0,0,0,0,0,0,0,3
"hsa-miR-98-5p",4714,2098,1694,2512,678,2723,1878,1898,1835,2002,1480,2293
"hsa-miR-9901",0,0,0,0,0,0,0,0,0,0,2,0
"hsa-miR-9903",0,0,0,0,0,0,0,0,0,1,0,1
"hsa-miR-9983-3p",17,178,34,14,265,65,129,1,387,25,104,4
"hsa-miR-9985",0,0,0,0,0,0,0,0,0,1,0,0
"hsa-miR-99a-3p",2,3,3,13,6,20,7,6,9,18,13,10
"hsa-miR-99a-5p",53498,33128,24394,27575,11561,27108,21290,88389,18918,30920,22827,32950
"hsa-miR-99b-3p",1473,804,704,703,277,940,694,1315,444,922,494,702
"hsa-miR-99b-5p",47823,32523,20003,32743,15571,39809,32416,54363,20864,35091,21172,30403
"novel_174",2,0,0,0,0,0,0,0,0,0,0,5
"novel_181",2,0,0,0,0,4,0,0,0,0,0,0
"novel_193",2,0,0,0,0,0,0,0,0,0,0,2
"novel_195",0,0,0,0,0,0,0,9,0,1,0,0
"novel_209",6,0,1,0,0,0,0,2,0,0,0,0
"novel_226",2,0,0,3,0,0,1,2,0,2,0,0
"novel_230",2,0,0,0,0,0,0,0,0,1,0,0
"novel_235",0,0,0,3,0,3,0,0,0,0,0,0
"novel_256",3,2,0,0,0,6,0,1,0,1,0,2
"novel_262",1,0,0,0,0,3,1,6,3,7,2,2
"novel_266",0,0,0,1,0,0,1,0,3,2,0,1
"novel_291",2,0,0,3,0,3,0,0,2,0,1,0
"novel_301",0,0,0,0,4,1,0,0,0,0,0,0
"novel_304",0,0,0,0,0,0,0,0,0,0,0,6
"novel_309",4,3,7,1,3,0,0,0,0,1,0,0
"novel_314",2,3,1,4,1,6,8,2,2,4,3,5
"novel_347",0,0,0,0,0,0,0,0,0,2,0,0
"novel_348",0,0,0,0,5,0,0,0,0,0,0,0
"novel_366",0,0,0,2,0,0,0,0,0,0,0,0
"novel_369",1,2,0,0,0,0,0,0,3,0,0,0
"novel_380",4,1,2,0,1,1,1,5,2,1,2,0
"novel_391",8,3,0,0,3,1,6,0,0,1,0,2
"novel_397",1,1,2,2,0,0,3,1,0,1,0,0
"novel_405",6,9,2,1,5,0,2,4,1,16,0,6
"novel_411",4,5,3,7,8,14,7,20,8,14,17,12
"novel_412",3,2,0,0,0,2,2,3,0,0,0,6
"novel_431",0,0,0,0,2,0,0,0,0,0,0,0
"novel_438",0,1,0,0,0,1,0,1,0,0,0,0
"novel_441",0,0,0,0,6,0,0,0,0,0,0,0
"novel_447",0,0,0,0,0,0,0,0,0,0,0,1
"novel_451",0,0,0,0,0,0,3,0,0,0,0,0
"novel_452",1,0,0,0,0,0,0,0,3,0,1,0
"novel_461",0,1,3,1,2,3,1,1,0,1,4,0
"novel_484",0,0,1,0,2,0,0,2,0,0,0,0
"novel_486",2,0,0,0,0,0,0,0,0,0,2,1
"novel_492",1,5,0,0,2,0,0,1,0,0,0,0
"novel_494",2,0,0,0,0,3,0,1,0,0,0,0
"novel_495",1,2,0,0,0,0,0,0,0,0,0,0
"novel_507",0,1,0,0,0,0,0,0,0,0,0,0
